FID_1,FREQUENCY,AGG,AGGLAT,AGGLONG,ERA,SLOPE,REGION,Rowid,X,Y,SRTMv4,H_BIO_1,C_BIO_1,H_BIO_12,C_BIO_12,H_BIO_5,C_BIO_5,H_BIO_6,C_BIO_6,nr_elv_b1,nr_elv_b12,nr_elv_b5,nr_elv_b6
0,2,AspenValley1,37.827725,-119.771211,H,W,YO,1,20111.65974,-20946.86892,1877.717895,825,872,105295.2422,118258.5859,2545.194335,2508.554443,-637.016296,-456.249237,2033.907895,1707.633232,1304.822109,1596.163952
1,1,AV1,37.82534,-119.77221,M,W,YO,2,20024.48494,-21212.21261,1871.608154,825,872,105295.2422,118258.5859,2545.194335,2508.554443,-637.016296,-456.249237,2033.907895,1707.633232,1304.822109,1596.163952
2,1,BC1,37.90028,-119.12977,M,E,YO,3,76419.22772,-12554.70008,2199.141113,662,766,44572.57031,45573.78125,2701.408203,2718.365478,-1032.164794,-827.06903,2323.047959,1075.584178,1469.688418,1784.711885
3,2,Ca1,37.72315,-119.712003,M,W,YO,4,25351.33693,-32557.89204,1044.115356,1188,1246,88373.69531,98367.64063,3076.51831,3025.791503,-311.78598,-87.101142,1391.842105,1541.575481,2509.17193,2074.937788
4,2,Cascade1,37.725765,-119.710935,H,W,YO,5,25444.4583,-32266.90682,1101.10083,1188,1246,88373.69531,98367.64063,3076.51831,3025.791503,-311.78598,-87.101142,1391.842105,1541.575481,2509.17193,2074.937788
5,3,CascadeCreek1,37.738698,-119.702903,H,W,YO,6,26146.9225,-30827.01117,1817.400512,917,998,94776.00781,106845.1484,2610.909423,2576.416992,-472.654724,-250.170059,1936.238579,1435.510121,1315.752857,1817.847087
6,1,CF1,37.75331,-119.8089,M,W,YO,7,16815.47997,-29226.66484,1955.519165,910,983,94595.10156,107195.7969,2407.164062,2380.87622,-326.280029,-134.13533,1950.527919,1431.95749,1545.849234,2083.672037
7,8,CF2,37.752878,-119.797693,M,W,YO,8,17801.65334,-29272.64284,1879.041259,905,978,94124.69531,107080.9688,2396.705566,2369.453857,-342.316162,-144.670043,1958.259898,1406.325911,1509.095683,2052.359447
8,8,CF3,37.75775,-119.7699,M,W,YO,9,20245.77597,-28725.46365,2096.169189,796,865,94345.92188,108226.4922,2342.508789,2310.65332,-511.919982,-312.848968,2093.767276,1419.827935,1487.55257,1704.259524
9,3,Ch1,37.685987,-119.724393,M,W,YO,10,24272.7514,-36692.39383,1095.878662,1305,1351,89972.71875,99329.64063,3212.302001,3176.473144,-190.678009,43.678108,1082.346154,1493.271255,2619.405337,2312.288732
10,5,Chinquapin1,37.652364,-119.702601,H,W,YO,11,26203.60567,-40424.3167,1844.728759,954,1003,101955.6094,114312.7422,2596.1333,2549.814208,-393.493682,-203.18666,1856.540568,1629.235772,1295.408333,1952.383981
11,2,Coulterville1,37.710817,-120.214514,H,W,YO,12,-18884.03749,-33946.04832,472.378631,1525,1561,63511.00391,70026.01563,3505.365234,3488.026123,99.85366,186.296844,665.5303644,1387.349239,2262.317121,2257.766393
12,2,Coulterville2,37.73845,-120.14187,H,W,YO,13,-12484.08773,-30886.20681,975.230102,1242,1292,93764.67969,99905.72656,3342.116699,3357.48291,-272.218994,-134.232437,1236.337045,1406.962551,2565.788026,2129.873843
13,1,Coulterville3,37.753536,-120.1058,H,W,YO,14,-9307.890755,-29213.29407,903.797424,1184,1273,92862.47656,98278.75781,3196.911865,3229.002685,-301.83197,-109.171661,1399.962551,1424.473684,2629.341869,2099.129181
14,3,CPV1,37.640553,-120.21173,M,W,YO,15,-18656.38633,-41757.56375,724.221191,1551,1600,64512.875,71439.51563,3515.935302,3488.63623,99.215675,247.492614,623.6440162,1360.791075,2303.776286,2262.145194
15,1,CPV2,37.65594,-120.22132,M,W,YO,16,-19497.45676,-40045.12668,545.45819,1572,1620,56888.89453,63488.83594,3576.122314,3550.753906,140.722,236.591186,587.5223124,1421.333333,2473.628571,2317.955224
16,1,CPV3,37.614215,-120.18232,M,W,YO,17,-16070.4291,-44690.83048,855.190429,1506,1539,68845.59375,76172.98438,3482.460937,3469.10791,45.898426,188.105468,700.5718623,1349.792683,1626,2400.276846
17,4,CPV4,37.723813,-120.263753,M,W,YO,18,-23214.86169,-32490.40068,552.27478,1474,1514,69239.03906,76191.6875,3437.718505,3409.812011,25.947673,125.629547,770.638664,1355.279188,1922.965785,2439.677778
18,1,CPV5,37.73883,-120.24826,M,W,YO,19,-21846.7732,-30824.70043,691.36383,1431,1476,73569.0625,80410.53125,3416.85083,3403.301269,-33.192054,105.703544,857.7449393,1449.546748,2117.922185,2561.138614
19,1,CPV6,37.70881,-120.22121,M,W,YO,20,-19474.05269,-34167.80419,420.264678,1539,1574,62391.44922,68982.42969,3520.224121,3501.098144,120.889427,191.227981,641.325228,1450.113035,2353.760563,2264.768018
20,1,CPV7,37.68405,-120.12141,M,W,YO,21,-10691.25799,-36936.15693,898.58551,1358,1423,82785.42969,89630.6875,3334.283691,3342.821289,-86.521667,103.633239,997.2044534,1665.077157,2576.945425,2534.258465
21,1,CPV8,37.71951,-120.17941,M,W,YO,22,-15791.76234,-32986.10002,569.235534,1467,1518,71066.35156,77529.89063,3470.22583,3461.554443,35.960357,150.412948,783.3036437,1377.260163,1715.899624,2444.591736
22,2,CPV9,37.73636,-120.166455,M,W,YO,23,-14648.08748,-31115.02663,893.96466,1261,1314,88351.99219,94611.4375,3357.386962,3367.619873,-238.933197,-97.706687,1180.218623,1541.892604,2554.080592,2209.814771
23,1,CraneFlat1,37.755589,-119.79805,H,W,YO,24,17769.59983,-28971.33765,1888.713012,905,978,94124.69531,107080.9688,2396.705566,2369.453857,-342.316162,-144.670043,1958.259898,1406.325911,1509.095683,2052.359447
24,1,DD1,37.90828,-119.3475,M,W,YO,25,57293.78672,-11818.92875,2960.948974,269,308,90332.74219,97864.17188,2074.735351,2073.061035,-1277.165405,-1129.5802,3042.184397,1475.07085,1798.171053,1852.341256
25,1,DeM1,37.89922,-119.3477,M,W,YO,26,57283.15555,-12826.19792,2865.740722,280,325,85210.375,91634.44531,2118.871826,2116.027587,-1299.520996,-1144.626831,3019.458967,1662.415822,1794.54775,1852.341256
26,3,DL1,38.172967,-119.594753,M,W,YO,27,35458.17795,17483.98356,2863.664062,204,262,142809.6406,167365.6094,1914.298706,1900.536987,-1223.787109,-1067.868286,3154.517766,2718.316751,1884.717828,1851.11973
27,2,DryCreek1,37.934652,-118.935186,H,E,YO,28,93462.79801,-8559.538261,2069.774169,714,821,35528.92969,37235.55859,2845.821044,2865.792968,-1075.453735,-850.278015,2247.556345,778.2179226,2215.994361,1961.32791
28,2,ElPortal1,37.67989,-119.783175,H,W,YO,29,19097.61283,-37383.61693,843.344055,1434,1494,83690.375,92240.01563,3412.660644,3382.577148,-71.095497,138.318679,853.0212551,1683.996954,2150.686341,2553.106407
29,6,ElPortal2,37.673726,-119.793537,H,W,YO,30,18186.4915,-38070.88133,586.635559,1490,1556,79792.77344,87940.63281,3512.336914,3470.39746,-37.708454,159.383911,733.0455466,1619.203854,2281.380744,2560.710947
30,1,ElPortal3,37.688188,-119.764217,H,W,YO,31,20765.00811,-36457.17632,1202.030395,1272,1317,87408.75781,96466.98438,3175.4104,3138.134765,-196.81665,19.502685,1152.755061,1580.910841,2593.975858,2298.459459
31,2,F1,37.70369,-119.740075,M,W,YO,32,22886.30762,-34728.32369,1340.642944,1112,1157,89585.92188,99743.27344,2962.934326,2924.101562,-341.214508,-120.847442,1537.719352,1513.440283,2313.353612,2051.650922
32,1,FD1,37.87649,-119.41609,M,W,YO,33,51293.0987,-15392.12852,2553.576416,364,403,85467.66406,95546.05469,2158.646484,2152.172607,-1218.135375,-1065.963134,2858.823708,1661.063895,1780.953642,1852.045455
33,1,FM1,37.56624,-119.86851,M,W,YO,34,11599.41086,-50031.40556,1267.764282,1273,1316,97234.53125,106585.7031,3165.615478,3124.729248,-157.381622,73.699043,1150.752024,1473.712551,2578.007538,2368.161066
34,2,FM2,37.579037,-119.88213,M,W,YO,35,10396.2695,-48610.4036,1154.251586,1226,1283,96551.9375,105726.7266,3170.468261,3133.410644,-274.519378,-21.988712,1289.066802,1452.406883,2585.581337,2131.976771
35,1,FM3,37.54498,-119.83822,M,W,YO,36,14275.21812,-52390.64124,1122.154663,1315,1309,95427.57031,104133.4375,3251.941162,3204.319824,-136.533828,14.699431,1066.191296,1435.610324,2633.704986,2422.510321
36,10,GA1,37.9117,-119.42495,M,W,YO,37,50491.08489,-11482.77051,2371.779541,349,403,86457.14844,97418.66406,2155.159423,2149.37915,-1279.970581,-1120.037719,2885.393725,1620.776089,1765.910891,1852.341256
37,3,GemLake1,37.75857,-119.1594,H,E,YO,38,73957.05133,-28331.01197,2773.482421,417,444,85888.35938,73719.72656,2095.282958,2057.943603,-1045.639648,-850.322937,2750.086294,1647.781947,1798.334064,1874.855922
38,3,GlenAulin1,37.91206,-119.42135,H,W,YO,39,50806.92026,-11440.82799,2386.251464,349,403,86457.14844,97418.66406,2155.159423,2149.37915,-1279.970581,-1120.037719,2885.393725,1620.776089,1765.910891,1852.341256
39,1,GlenAulin2,37.928858,-119.461163,H,W,YO,40,47300.74262,-9594.077914,1970.915893,594,658,94637.92188,109914.8203,2442.889648,2433.516113,-1030.613037,-838.581298,2425.06998,1434.296559,1507.617096,1780.77551
40,1,GM1,38.16254,-119.60461,M,W,YO,41,34600.57971,16321.22991,2744.548828,200,265,139319.2656,162147.7969,1858.423095,1847.792114,-1271.871459,-1097.361694,3159.573604,2671.601824,1998.488109,1852.341256
41,2,HappyIsles1,37.7316,-119.561,H,W,YO,42,38638.5657,-31567.5837,1229.779174,1115,1195,86798.86719,97426.11719,3147.343017,3107.548095,-486.125793,-273.356201,1533.14691,1597.817629,2568.531566,1762.028951
42,2,HG1,37.76525,-119.86233,M,W,YO,43,12112.40132,-27907.48735,1683.599853,1034,1120,106599.0938,118400.2578,2605.692382,2576.558593,-212.4505,4.051954,1678.774848,1771.364097,1288.332394,2240.959858
43,1,HM1,37.79611,-119.86781,M,W,YO,44,11625.52506,-24477.57045,1423.928588,1032,1075,101904.8594,113132.0156,2870.281494,2845.236816,-399.851837,-205.642257,1682.634888,1622.985772,2278.932504,1962.543839
44,2,IC1,37.77716,-119.566745,M,W,YO,45,38109.79311,-26505.20927,2223.218017,660,731,109548.4922,127374.1953,2348.141113,2312.527099,-812.98529,-594.428161,2326.373851,1840.201826,1507.957746,1617.648997
45,1,IndianCanyon1,37.77432,-119.56902,H,W,YO,46,37911.12301,-26821.83163,2195.465087,660,731,109548.4922,127374.1953,2348.141113,2312.527099,-812.98529,-594.428161,2326.373851,1840.201826,1507.957746,1617.648997
46,1,JR1,37.88358,-119.3634,M,W,YO,47,55916.14806,-14574.18092,2684.932128,227,290,74012.39063,78900.59375,2129.394042,2123.187011,-1426.384765,-1250.053588,3126.779919,1452.97665,1779.683516,1852.341256
47,7,KM1,38.122007,-119.48195,M,W,YO,48,45358.73357,11867.12551,2867.497558,195,243,123721.9766,146102.2188,1891.305908,1892.889648,-1324.286376,-1173.828247,3165.315736,2331.638664,1930.236175,1852.341256
48,3,LaGrange1,37.6661,-120.469857,H,W,YO,49,-41388.16829,-38835.8786,52.148532,1587,1676,32244.25977,37442.61719,3523.817871,3484.580078,189.601638,317.582977,548.8711968,1166.780142,2393.346535,2396.508604
49,5,LAHistoricBattleCreek,40.37479,-122.18016,H,W,LA,50,-185109.5797,264214.9898,110.369949,1596,1624,57246.00781,72427.82031,3654.173828,3615.699218,118.561851,226.179,3166.948223,1417.724696,1818.915743,1852.341256
50,7,LAHistoricBlackButte,40.4147,-121.5319,H,W,LA,51,-130002.0043,267569.0251,1979.420043,651,614,206215.3906,237624.9531,2461.356689,2425.641845,-649.260131,-620.035217,3179.44929,1558.247716,1975.217143,1852.341256
51,5,LAHistoricButteLake,40.5642,-121.302391,H,W,LA,52,-110298.2466,283877.5852,1854.439331,616,614,77267.03906,91693.10156,2644.942138,2599.085205,-848.830688,-715.000122,3195.569106,1629.66565,1977.854465,1852.341256
52,10,LAHistoricDalesPayneCreek,40.3146,-122.0695,H,W,LA,53,-175861.2121,257321.3891,186.013916,1655,1684,62558.10547,78115.26563,3669.655761,3626.761718,191.375427,311.126892,558.9614604,1070.95533,2401.921717,2402.099206
53,1,LAHistoricEagleLake1,40.73439,-120.719636,H,W,LA,54,-60802.68776,302246.8632,1582.611816,721,738,38722.875,41795.75781,2909.644775,2884.053955,-963.455932,-764.076171,557.0192698,1064.372589,2401.141809,2407.311508
54,5,LAHistoricEagleLake2,40.670943,-120.789583,H,W,LA,55,-66771.21428,295249.9978,1564.38684,742,761,43664.46875,47582.35938,2956.384765,2918.191894,-947.717407,-750.887817,548.8711968,1166.780142,2393.346535,2396.508604
55,3,LAHistoricEagleLake3,40.572925,-120.838016,H,W,LA,56,-70963.11884,284402.4128,1561.768676,750,763,59525.88672,69248.63281,2967.443603,2938.422363,-942.762145,-753.515075,3124.643002,1516.66802,1772.205525,1852.341256
56,3,LAHistoricERavendale,40.79823,-120.23207,H,E,LA,57,-19589.8652,309127.4349,1620.82788,733,765,25050.84375,27536.79688,2958.756347,2951.580078,-1008.150512,-781.388793,3159.252792,1448.1083,1859.310142,1852.341256
57,2,LAHistoricGrasshopperValley,40.850087,-120.756895,H,E,LA,58,-63848.18855,315115.04,1628.009643,686,719,34165.5,37138.65234,2898.747314,2873.998046,-1010.164062,-774.467163,3195.569106,1565.215228,1931.726477,1852.341256
58,6,LAHistoricHotSpringValley,40.44423,-121.3938,H,W,LA,59,-118234.9673,270667.1731,1772.984619,643,641,143176.8281,163015.625,2687.598144,2636.817871,-801.199523,-683.906066,1444.09919,1474.899798,2604.292465,2082.569124
59,3,LAHistoricKellys2,40.432678,-121.352069,H,W,LA,60,-114713.4634,269333.1898,1607.001708,679,687,105720.4766,122672.9688,2829.58789,2774.519287,-961.345886,-785.451599,1108.346154,1666.978702,2634.273239,2325.56272
60,2,LAHistoricLakeHelen,40.469128,-121.518495,H,W,LA,61,-128767.698,273594.1629,2475.800048,332,312,254302.6875,292500.5938,2085.33374,2049.760498,-904.480407,-898.280822,1655.48783,1476.164134,1302.867516,2366.12761
61,10,LAHistoricLymans,40.3096,-121.7678,H,W,LA,62,-150236.8755,256247.3364,1050.525268,1283,1285,81032.89063,95780.53906,3209.805175,3183.52124,-24.084835,63.779815,2645.245685,1419.59919,1503.903151,1906.603008
62,3,LAHistoricManton,40.425439,-121.889271,H,W,LA,63,-160302.5298,269308.5582,564.411132,1534,1579,72116.85156,87320.69531,3557.284179,3536.480224,93.893226,250.279617,3130.675456,2609.732794,1956.550857,1852.341256
63,2,LAHistoricManzanitaLake,40.5314,-121.5648,H,W,LA,64,-132579.8995,280572.0166,1790.466796,662,639,90251.01563,103491.7188,2636.748535,2605.633544,-760.955078,-689.962341,1655.48783,1476.164134,1302.867516,2366.12761
64,2,LAHistoricMineral3,40.337764,-121.596129,H,W,LA,65,-135596.0647,259115.9697,1477.66333,820,771,121032.0078,141133.5938,2821.105224,2783.10791,-538.154113,-519.451843,1804.779919,1589.135163,1419.410287,2209.814771
65,7,LAHistoricMineralSummitCreek1,40.3489,-121.5878,H,W,LA,66,-134867.8396,260340.6648,1514.352294,785,737,121880.2891,142052.5469,2780.557861,2741.848876,-583.641967,-564.442443,2645.245685,1419.59919,1503.903151,1906.603008
66,4,LAHistoricMineralSummitCreek2,40.3628,-121.5663,H,W,LA,67,-133016.2786,261853.777,1550.079345,728,684,126082.2031,146783.1563,2744.924072,2706.152099,-654.673706,-628.226684,2644.718782,1488.970618,1520.767795,1911.885757
67,4,LAHistoricNFredonyerPeak,40.801001,-120.61175,H,E,LA,68,-51639.55816,309577.6822,1711.364379,694,707,31514.58203,33389.92969,2843.318359,2823.207519,-881.965332,-710.188415,2404.466395,1804.997972,1468.472127,1365.661808
68,4,LAHistoricNObservationPeak1,40.86135,-120.17049,H,E,LA,69,-14378.78553,316123.3842,1628.222045,734,766,25371.58008,28893.19336,2944.365478,2937.230712,-1003.844909,-773.414062,2265.527976,1399.134615,1504.998834,1686.632242
69,6,LAHistoricPetesValley,40.52927,-120.46209,H,E,LA,70,-39153.21825,279336.7801,1381.582763,913,919,30602.96484,31529.16797,3141.628173,3122.380615,-803.565856,-654.644287,2249.163452,1422.227733,1544.451004,1700.3076
70,4,LAHistoricRedBluff1,40.1339,-122.2061,H,W,LA,71,-187934.1705,237518.3944,91.571395,1682,1701,51736.14844,66096.82031,3722.461425,3628.425048,195.802505,309.98114,2397.984725,784.6484296,1437.15981,1781.829736
71,1,LAHistoricRedBluff2,40.24038,-122.110955,H,W,LA,72,-179566.9292,249157.8915,230.262832,1605,1643,63642.07422,79460.10156,3612.298828,3557.201416,152.790039,304.694152,2228.280773,1486.35157,1510.906651,1598.729553
72,2,LAHistoricRedBluff3,40.1707,-122.1254,H,W,LA,73,-180968.9713,241447.8867,89.825149,1676,1698,53572.875,68118.57813,3714.334472,3629.450439,184.806869,304.1315,2334.605102,797.1914894,1671.290265,1840.614078
73,11,LAHistoricRedBluff4,40.190329,-122.225207,H,W,LA,74,-189414.4826,243822.5161,83.213935,1682,1701,53293.56641,68032.03906,3705.349853,3624.790771,185.771316,296.939636,2265.527976,1399.134615,1504.998834,1686.632242
74,1,LAHistoricRedBluff5,40.212178,-122.229766,H,W,LA,75,-189745.416,246257.7529,89.268058,1682,1701,55690.40234,70461.83594,3695.548583,3618.773925,185.864425,299.493804,2397.984725,784.6484296,1437.15981,1781.829736
75,2,LAHistoricRedBluff6,40.322164,-122.285572,H,W,LA,76,-194198.9776,258582.9251,176.98439,1643,1672,66610.51563,82697.35156,3671.539062,3634.43457,165.527511,283.589538,2225.909461,790.5653495,2284.033748,1652.798365
76,2,LAHistoricSWRavendale,40.6969,-120.409,H,E,LA,77,-34574.47295,297928.4338,1716.792724,736,748,32251.88281,33906.92578,2863.236816,2848.0708,-829.146789,-662.239257,743.6649798,1535.84787,1634.083444,2481.854676
77,4,LAHistoricTermo,40.8915,-120.4564,H,E,LA,78,-38477.49651,319549.891,1630.919677,659,706,23811.74023,25182.82031,2961.351318,2949.612792,-1100.660644,-871.301757,3130.675456,2609.732794,1956.550857,1852.341256
78,1,LAHistoricTurners,40.30825,-121.738116,H,W,LA,79,-147717.189,256050.7845,1146.906127,1223,1228,84921.22656,99915.85156,3139.116699,3111.663085,-74.89286,24.721372,2483.768839,2167.213563,1471,1499.913103
79,1,LAHistoricWarnerCreek1,40.459693,-121.441843,H,W,LA,80,-122284.0339,272445.0688,2084.836669,598,564,232992.625,262335.5625,2449.193115,2402.611083,-741.84082,-695.085876,110.9188641,1243.310345,2612.422803,2243.632312
80,4,LAHistoricWarnerCreek2,40.463512,-121.471967,H,W,LA,81,-124832.1142,272908.3696,2261.664794,511,475,248862.9844,282762.2813,2265.964355,2222.392822,-733.904296,-737.427062,112.7222787,1290.63313,2612.422803,2228.987749
81,7,LAHistoricWillowLake,40.405237,-121.365727,H,W,LA,82,-115916.0755,266302.7414,1653.95227,690,688,123663.5547,141138.3906,2745.626708,2690.129394,-779.737304,-635.958129,2461.629705,2064.228745,1454.812148,1476.752033
82,3,LAHistoricWRedRockPO,40.8995,-120.25399,H,E,LA,83,-21410.19638,320373.9836,1623.17749,689,738,24660.64063,27328.41602,2952.218017,2941.289306,-1054.175781,-796.367492,3191.707614,1445.631579,1991.576966,1852.341256
83,5,LAModernBaileyCreek,40.805722,-120.610026,M,E,LA,84,-51490.65714,310100.8287,1731.012939,702,719,30850.56836,32588.73438,2862.461669,2842.757812,-912.291503,-717.161621,505.2601626,1019.195939,2441.165919,2394.054688
84,2,LAModernBattleCreek,40.34945,-121.631705,M,W,LA,85,-138595.7498,260465.0576,1495.393432,835,787,123398.1172,142794.1719,2786.009277,2750.880371,-497.733764,-477.022247,548.8711968,1143.615619,2403.799043,2405.355159
85,2,LAModernBattleCreekMeadows,40.33948,-121.609185,M,W,LA,86,-136701.8806,259325.269,1468.201049,820,772,121347.8672,141089.4688,2824.046142,2786.805664,-534.630615,-514.218505,384.0121827,746.3601221,2519.316397,2428.333935
86,4,LAModernBluffFalls,40.412202,-121.531905,M,W,LA,87,-130006.9107,267291.6594,1974.907714,651,614,206215.3906,237624.9531,2461.356689,2425.641845,-649.260131,-620.035217,401.8436548,754.889115,2514.466667,2421.034991
87,2,LAModernButteLake,40.562405,-121.29966,M,W,LA,88,-110069.7051,283675.1166,1849.016723,616,614,77267.03906,91693.10156,2644.942138,2599.085205,-848.830688,-715.000122,2247.556345,1073.768528,2310.360206,1991.69448
88,1,LAModernCoyoteCreek,40.09325,-122.22687,M,W,LA,89,-189809.2671,233045.6759,92.390357,1678,1698,51017.39453,64932.80469,3726.840332,3629.715332,195.824295,300.859588,2487.236253,1367.698574,1280.031807,1909.952888
89,1,LAModernCoyoteFlat,40.88974,-120.26846,M,E,LA,90,-22633.0794,319293.9533,1620.707031,695,743,23742.44922,26133.42969,2956.839355,2948.693115,-1052.021972,-796.605529,2281.614053,1447.937247,1469.246512,1660.642523
90,2,LAModernDalesLake,40.330645,-122.072605,M,W,LA,91,-176086.075,259108.6935,209.856811,1656,1685,62168.59766,77732.5,3670.218261,3629.204589,200.624816,317.63626,2655.30426,2211.573887,1780.529736,1879.790698
91,2,LAModernDodgeRanch,40.89014,-120.17355,M,E,LA,92,-14631.02955,319319.7019,1631.74121,728,764,26407.48242,30056.15039,2947.732421,2936.410644,-994.781311,-756.681335,533.3350254,1115.1714,2405.042353,2409.074074
92,2,LAModernDodgeReservoir,40.96926,-120.135055,M,E,LA,93,-11372.97616,328096.7099,1762.266479,655,700,35987.80469,42485.6875,2775.903076,2764.220703,-913.868469,-688.752075,1114.107287,1448.1083,2631.157543,2299.584019
93,2,LAModernDrakesbad,40.444655,-121.4085,M,W,LA,94,-119481.1762,270732.793,1750.055664,638,633,156503.3438,177542.75,2682.944824,2633.132324,-801.577087,-692.360168,2236.621951,1915.640324,1544.668235,1683.45641
94,2,LAModernEagleLakeBrockman,40.59293,-120.844295,M,W,LA,95,-71475.03761,286628.3216,1590.503417,728,741,63111.24219,73730.83594,2938.687988,2907.757568,-957.357849,-768.332031,2900.307692,2256.425101,1819.708102,1875.081833
95,2,LAModernEagleLakeMerrillCreek,40.552305,-120.814665,M,W,LA,96,-69005.45019,282095.6548,1558.725952,742,759,59808.78125,69581.77344,2944.249023,2922.365722,-938.472229,-746.715332,2015.779129,1426.682186,1537.094229,1725.04922
96,2,LAModernEagleLakePapooseMeadow,40.525815,-120.76727,M,W,LA,97,-65014.73002,279120.7954,1626.312744,751,760,59940.92578,69244.09375,2882.932373,2854.146972,-889.548645,-720.534057,2976.566802,2239.118421,1845.998875,1852.045455
97,3,LAModernEagleLakePineCreek,40.66796,-120.78612,M,W,LA,98,-66481.11307,294916.3804,1568.468872,745,764,43966.51172,48017.52734,2961.43872,2923.993164,-951.528747,-750.654174,3168.153299,1518.219858,1969.404571,1852.341256
98,4,LAModernHelenEmeraldLakes,40.469727,-121.513978,M,W,LA,99,-128383.6255,273654.5458,2498.85913,332,312,254302.6875,292500.5938,2085.33374,2049.760498,-904.480407,-898.280822,2973.199393,1622.743408,1776.056478,1852.341256
99,1,LAModernHogLake,40.28261,-122.12289,M,W,LA,100,-180476.9954,253869.6966,269.907867,1622,1666,63617.23438,79513.94531,3658.989746,3612.069824,179.379821,324.325103,3074.528875,1448.941057,1768.793142,1852.341256
100,1,LAModernHorneRanch,40.82822,-120.13889,M,E,LA,101,-11718.8875,312441.3079,1646.741455,723,752,28087.98047,32899.62891,2910.188964,2903.140869,-998.991455,-779.837524,3161.610152,1506.065856,1823.897887,1852.341256
101,2,LAModernJellysFerry,40.319965,-122.18149,M,W,LA,102,-185362.5726,258130.4257,105.637695,1632,1657,57632.9375,72770.90625,3674.144531,3624.634033,154.593719,265.264282,3190.408122,1755.12462,1861.77896,1852.341256
102,2,LAModernKingsCreekFalls,40.45971,-121.44478,M,W,LA,103,-122533.0778,272450.7484,2099.721923,571,524,243960.7969,275158.5,2386.148681,2339.767089,-733.379577,-709.685974,3168.230457,1666.579268,1917.05,1852.341256
103,4,LAModernLymanSprings,40.31124,-121.764275,M,W,LA,104,-149933.9457,256423.8656,1046.930297,1283,1285,81032.89063,95780.53906,3209.805175,3183.52124,-24.084835,63.779815,2783.726166,1436.269857,1442.302647,1852.996639
104,1,LAModernManzanitaLake,40.53759,-121.57018,M,W,LA,105,-133024.3069,281266.8021,1790.642944,671,647,89695.03125,102737.3828,2651.145996,2620.582763,-761.394409,-690.373596,3045.024316,1347.158537,1832.441038,1874.256956
105,1,LAModernObservationPeak1,40.86155,-120.1599,M,E,LA,106,-13485.54019,316144.0293,1630.512695,736,767,25644.11328,29345.60547,2945.635498,2937.235351,-994.155761,-762.539611,2356.822449,1120.88641,1397.260597,1790.937122
106,1,LAModernObservationPeak2,40.84532,-120.17653,M,E,LA,107,-14891.53927,314344.8585,1631.49707,733,764,25613.77344,28826.62109,2945.337402,2940.009765,-1013.111694,-789.096557,2323.047959,1075.584178,1469.688418,1784.711885
107,1,LAModernPaynesCreek,40.30254,-122.10614,M,W,LA,108,-179004.0566,256050.8802,167.763153,1648,1680,62548.91406,78308.32813,3679.964599,3634.808105,182.45964,311.058135,2980.536437,1368.913793,1828.282392,1898.006192
108,3,LAModernPetesValley,40.526137,-120.465513,M,E,LA,109,-39444.96562,278990.3098,1380.787109,910,916,31691.9375,32703.11133,3133.296386,3113.899658,-799.035644,-653.485107,3179.44929,1513.610942,2002.835359,1852.996639
109,3,LAModernPoleSpring,40.5872,-121.287017,M,W,LA,110,-108961.6374,286413.4188,1792.628662,660,675,65093.18359,78404.72656,2716.875976,2669.653076,-846.795654,-688.951232,2245.581726,791.4046653,1874.68985,1786.359036
110,3,LAModernReadingIsland,40.389273,-122.192203,M,W,LA,111,-186094.7451,265846.551,110.502998,1588,1617,57228.89063,72317.91406,3645.319335,3611.466796,114.63169,222.441406,2729.784772,1466.547401,1532.074505,1864.575207
111,1,LAModernSacramentoRBlueTentCr,40.2026,-122.21628,M,W,LA,112,-188622.873,245167.3017,79.988998,1682,1701,53917.08594,68535.71094,3704.998046,3627.634277,185.652816,299.792144,2437.689725,2270.545547,1548.355713,1659.83288
112,1,LAModernSacramentoRPerryRiffle,40.29721,-122.17534,M,W,LA,113,-184898.0725,255591.8729,97.449203,1644,1670,57811.46484,72992.47656,3677.632324,3622.57788,170.402557,282.513854,2491.89613,2215.537449,1501.911007,1741.970075
113,5,LAModernSlateCreek,40.842596,-120.769944,M,E,LA,114,-64955.69066,314292.3631,1662.968994,675,704,37239.62891,40530.8125,2859.357666,2836.590576,-1014.517639,-787.41455,2398.892057,1913.493414,1502.740654,1450.899701
114,1,LAModernSummitCreek,40.35804,-121.55757,M,W,LA,115,-132283.638,261313.0021,1616.154541,728,684,126082.2031,146783.1563,2744.924072,2706.152099,-654.673706,-628.226684,2381.664286,1887.423935,1503.70245,1412.928896
115,1,LAModernSummitCreekN,40.3689,-121.53831,M,W,LA,116,-130628.4582,262492.2142,1722.885986,709,671,150401.6563,173788.2813,2635.045166,2597.298095,-597.92749,-573.161315,1749.361055,1528.763931,2298.439791,1650.780919
116,1,LAModernTuledadRd,40.92563,-120.13857,M,E,LA,117,-11676.08105,323254.3105,1695.653076,719,760,30459.70508,35420.48438,2889.939941,2883.288574,-928.686767,-694.247436,1487.798379,1630.091278,2595.756688,1876.423544
117,2,LAModernUpperKingsCreekMdw,40.46521,-121.4764,M,W,LA,118,-125205.0975,273102.7513,2275.902832,511,475,248862.9844,282762.2813,2265.964355,2222.392822,-733.904296,-737.427062,1501.918946,1660.279919,2574.110553,1820.64277
118,5,LAModernVasquezRanch,40.436528,-121.875444,M,W,LA,119,-159105.1118,270516.4655,597.303955,1509,1543,74472.65625,89955.03906,3512.508056,3493.597412,86.331016,230.28038,1657.884381,1572.112462,2298.019194,1800.47763
119,2,LAModernWillowLake,40.40586,-121.362885,M,W,LA,120,-115673.8805,266368.4492,1657.133178,675,669,117361.6641,134313,2656.259521,2600.672363,-741.825134,-610.345397,3168.163452,1566.074112,1827.611502,1852.341256
120,2,LAModernWilsonLake,40.344115,-121.439425,M,W,LA,121,-122273.8387,259608.1035,1663.544311,720,709,102611.6797,118677.9375,2768.540527,2712.893066,-739.950012,-617.433044,1369.949393,1558.106383,2619.695764,1997.580908
121,6,LC1,37.779085,-119.26102,M,W,YO,122,64998.94942,-26124.97422,2934.682617,193,246,93201.42188,81970.78125,2046.084716,2028.053344,-1422.824462,-1253.752441,1441.043522,1582.929078,2618.268107,1893.84801
122,12,LC2,37.769127,-119.256857,M,W,YO,123,65373.78031,-27229.07657,3093.500488,171,220,99723.08594,88826.21094,1875.116699,1856.120605,-1333.877197,-1153.829223,1485.345491,1632.052738,2607.970626,1874.663835
123,10,LC3,37.761643,-119.25687,M,W,YO,124,65379.1579,-28061.03165,3207.703857,89,169,102022.9219,91712.85938,1805.131958,1786.935913,-1432.979736,-1184.516479,1473.261398,1647.964503,2630.914402,1802.517533
124,1,LG1,37.6248,-120.56688,M,W,YO,125,-49962.19873,-43380.22409,75.954933,1582,1687,33612.93359,38703.55078,3537.222656,3497.055175,184.851943,330.962738,1501.918946,1660.279919,2574.110553,1820.64277
125,2,LG2,37.621805,-120.525885,M,W,YO,126,-46350.89128,-43733.98334,62.527622,1583,1684,33691.94531,38715.125,3541.737548,3499.999023,183.676223,326.012573,1533.14691,1597.817629,2568.531566,1762.028951
126,7,LG3,37.667473,-120.467947,M,W,YO,127,-41219.16607,-38684.08142,61.717998,1587,1676,32244.25977,37442.61719,3523.817871,3484.580078,189.601638,317.582977,1557.455927,1517.862209,2493.8625,1842.331311
127,1,LM1,37.8827,-119.34655,M,W,YO,128,57396.79929,-14661.93632,2814.569824,229,292,75305.5,79880.82813,2146.518798,2142.17871,-1433.594726,-1256.304687,1668.944219,1567.762918,2460.123318,1691.566351
128,10,LyellCanyon1,37.773896,-119.260877,H,W,YO,129,65016.02392,-26701.70292,2989.059326,201,247,95869.15625,84681.45313,1950.229003,1931.251586,-1343.833984,-1158.009399,373.2514193,1666.1131,159.1761364,770.5619433
129,4,LyellCanyon2,37.764088,-119.25208,H,W,YO,130,65798.41279,-27785.92377,3282.375732,88,179,99849.28125,87861.55469,1774.356201,1761.84729,-1389.645996,-1167.071655,1872.094507,1800.366965,2019.982968,1705.74026
130,3,MD1,37.75542,-120.08468,M,W,YO,131,-7449.419691,-29005.7228,867.86444,1164,1276,90329.5625,95565.10156,3184.138916,3224.642578,-321.815032,-91.393218,1920.274859,628.5060729,1848.727273,1759.848019
131,1,MD2,37.74401,-120.03202,M,W,YO,132,-2816.571086,-30276.98554,725.809326,1293,1384,85288.17969,91110.00781,3260.775634,3290.715576,-181.796356,29.659833,214.7346278,878.5072816,159.7524351,501.8963563
132,4,MercedGrove1,37.748726,-119.83866,H,W,YO,133,14197.8514,-29741.11915,1625.980346,1047,1129,97710.69531,108779.2422,2548.93164,2523.328857,-157.574707,37.955879,1727.594814,1646.80081,1563.874697,1769.801132
133,3,MercedLake1,37.728064,-119.391793,H,W,YO,134,53533.22278,-31878.41357,2221.834472,480,529,93077.90625,107857,2393.279785,2376.382812,-1141.077636,-961.436523,1701.25,1676.097482,1526.806164,1769.801132
134,1,MF1,37.84097,-119.49964,M,W,YO,135,43974.79171,-19382.68985,2938.074462,225,298,133588.3438,160941.2813,1885.226196,1846.341552,-1300.918212,-1109.767333,1692.460227,1263.226645,1509.246553,1769.801132
135,3,MG1,37.748264,-119.839376,M,W,YO,136,14134.9358,-29792.58504,1643.930175,1047,1129,97710.69531,108779.2422,2548.93164,2523.328857,-157.574707,37.955879,1688.564477,1571.415447,1522.637987,1770.86823
136,1,MG2,37.76208,-119.84264,M,W,YO,137,13845.17726,-28257.19008,1811.206909,978,1061,100465.4766,112088.2422,2488.095947,2464.378173,-239.033691,-33.528793,1824.101777,1704.910121,1575.922393,1770.86823
137,4,ML1,37.729643,-119.392858,M,W,YO,138,53438.36268,-31703.486,2220.732177,480,529,93077.90625,107857,2393.279785,2376.382812,-1141.077636,-961.436523,1873.599354,1556.979741,1821.134304,1747.618932
138,8,ML2,37.739707,-119.40517,M,W,YO,139,52347.72463,-30591.5967,2221.366455,481,541,98144.79688,114109.2344,2381.375488,2357.82788,-1136.947143,-904.762329,1838.991115,1314.808252,1654.441917,1769.801132
139,1,MMe1,37.69924,-119.58647,M,W,YO,140,36412.59576,-35174.97557,2372.22705,614,675,108142.7109,123511.8438,2300.973144,2265.903076,-866.290161,-661.98352,2132.493927,1855.229455,2141.598381,1768.072757
140,3,MMe2,37.666717,-119.594443,M,W,YO,141,35726.04032,-38793.43611,2197.631347,701,791,93877.30469,108049.6641,2397.054687,2368.425537,-759.744506,-486.771453,965.016247,573.2285945,1136.849918,1041.603084
141,5,MMe3,37.667798,-119.623188,M,W,YO,142,33193.47243,-38683.71412,2122.725097,713,787,92628.36719,106895.3984,2432.26123,2403.290039,-738.320373,-493.126678,532.1954582,686.3538961,384.0178427,824.6166937
142,1,MMi1,37.88811,-118.96021,M,E,YO,143,91323.20439,-13757.53547,2239.271972,619,701,38199.94141,39898.10938,2688.100341,2699.957275,-1031.619995,-883.160827,1866.302908,1058.642395,1852.871753,1791.791599
143,4,MoMe1,37.666373,-119.672113,M,W,YO,144,28884.36879,-38858.14177,2237.446044,732,784,98006.80469,112573.8906,2383.751464,2352.978759,-657.117675,-457.39685,1583.73987,1417.819659,1660.013832,1604.356911
144,1,MonoCraters2,37.90167,-118.9914,H,E,YO,145,88567.93586,-12279.79,2167.438476,658,752,38673.89453,40395.68359,2733.632324,2748.060058,-1041.456054,-862.25592,1648.420372,1423.566206,1706.242301,1655.067206
145,2,MonoMeadow1,37.663396,-119.592267,H,W,YO,146,35919.30745,-39161.79337,2215.834228,701,791,93877.30469,108049.6641,2397.054687,2368.425537,-759.744506,-486.771453,1693.759319,1490.87031,1753.673139,1696.952071
146,2,MonoMills1,37.887635,-118.959868,H,E,YO,147,91353.81946,-13810.0071,2241.196044,619,701,38199.94141,39898.10938,2688.100341,2699.957275,-1031.619995,-883.160827,1805.127832,1660.14866,1641.988646,1765.631366
147,1,MonoPO1,37.990578,-119.141074,H,E,YO,148,75335.66862,-2526.022269,1952.498046,738,845,39158.34375,40652.29297,2869.86499,2899.581298,-988.755249,-761.694946,1689.855637,1576.384553,1536.308191,1770.86823
148,1,MtBullion1,37.50822,-120.043898,H,W,YO,149,-3873.948296,-56488.34299,660.984069,1485,1533,76405.75781,83499.46875,3480.84375,3428.644042,7.200879,135.308532,1428.764513,1641.712662,1242.345306,1747.428803
149,2,MtHoffman1,37.84461,-119.50018,H,W,YO,150,43925.2015,-18978.29828,3025.731445,225,298,133588.3438,160941.2813,1885.226196,1846.341552,-1300.918212,-1109.767333,185.6565822,1718.143088,159.4581641,485.7101215
150,3,PF1,37.808943,-119.568627,M,W,YO,151,37928.17946,-22972.78621,2480.396484,555,620,116056.0078,135826.7031,2263.177978,2217.767089,-969.369201,-771.700317,344.821718,810.7526273,192.0384301,660.8210526
151,3,PleasantValley1,37.65638,-120.29042,H,W,YO,152,-25585.09218,-39979.7843,250.635009,1698,1739,48394.79297,54785.79297,3724.984619,3681.946289,247.009429,310.082,192.2614007,1724.508914,159.4581641,526.1928687
152,6,PleasantValley2,37.64441,-120.30118,H,W,YO,153,-26537.28026,-41307.47766,334.679077,1702,1730,49659.67578,56169.66797,3693.816894,3650.104736,316.530456,319.29309,185.6565822,1722.277733,159.4581641,520.4659643
153,2,PorcupineFlat1,37.80526,-119.55632,H,W,YO,154,39012.14014,-23377.21565,2464.142089,567,631,113944.0625,133645.6094,2270.80371,2225.793457,-964.301574,-766.473693,185.6565822,1745.974005,159.4581641,519.9116694
154,5,RC1,38.06129,-119.33899,M,W,YO,155,57922.40219,5195.447959,3014.393798,151,265,96141.92188,95239.21875,1841.56665,1867.126586,-1258.051147,-1024.005126,235.6459175,747.8718573,159.4581641,608.6364372
155,1,S1,37.51121,-120.38391,M,W,YO,156,-33886.93904,-56088.24732,90.325126,1601,1690,33978.71875,38819.82031,3566.372558,3509.338623,186.526977,316.408203,1694.389115,1675.251828,1622.698297,1750.274859
156,1,S2,37.53619,-120.48598,M,W,YO,157,-42882.4422,-53270.05389,88.903007,1587,1685,32928.5,37749.16797,3544.325195,3496.193847,182.916198,320.347259,1867.555735,1549.647922,1519.503247,1770.86823
157,4,S3,37.529065,-120.35093,M,W,YO,158,-30968.43294,-54114.69588,114.9561,1625,1709,36669.75781,41788.78125,3606.707763,3550.83789,197.265319,324.729949,1066.038961,862.6034063,1244.951797,1122.364964
158,5,S4,37.54692,-120.35495,M,W,YO,159,-31315.76529,-52128.53853,123.809982,1621,1704,36596.73047,41756.04688,3598.893798,3545.186279,194.603561,320.470825,1970.149555,1855.229455,2033.120942,1833.291027
159,1,SalmonRanch1,37.96326,-118.9236,H,E,YO,160,94443.58365,-5367.999071,2000.827392,714,820,33642.625,35603.02344,2886.442871,2911.365722,-1094.011596,-872.907104,2103.740081,1855.229455,2136.91417,1840.830372
160,1,SilverLake1,37.79923,-119.1213,H,E,YO,161,77267.1004,-23780.77197,2223.635742,553,632,55255.6875,52439.88672,2553.45288,2534.853759,-1147.204223,-966.735656,1814.389968,1464.683225,1753.210356,1748.900566
161,2,SM1,37.673565,-119.654315,M,W,YO,162,30449.25495,-38053.07044,2246.844238,687,741,96146.07813,110818.1719,2330.748291,2300.952148,-726.109558,-517.743774,1817.610032,1564.092834,1533.205191,1770.86823
162,2,SN1,37.822,-119.504705,M,W,YO,163,43540.68002,-21493.83426,2586.786132,475,545,118366.0469,139194.1094,2126.040527,2075.841308,-1049.433593,-844.005859,1786.503644,1647.073111,1623.369019,1768.072757
163,8,Snelling1,37.526869,-120.437436,H,W,YO,164,-38603.66274,-54327.07136,76.903007,1593,1688,33117.97656,37896.43359,3546.760498,3494.455566,193.662948,328.651672,1550.687753,1462.451954,1701.378947,1627.447154
164,2,SSHistoricAsterLake,36.600145,-118.674825,H,W,SS,165,118387.4234,-156598.3281,2854.565673,401,427,117271.7188,130940.2969,1804.300292,1838.94226,-924.527099,-837.829956,1583.73987,1419.28026,1658.554923,1604.269325
165,3,SSHistoricBakersfield,35.419839,-119.008768,H,W,SS,166,89926.51126,-288095.7182,138.832504,1796,1834,16595.76172,17586.13867,3801.74414,3666.898681,196.259445,317.224639,1872.094507,1800.366965,2019.982968,1705.74026
166,6,SSHistoricBodfish,35.600131,-118.496674,H,W,SS,167,136063.3377,-267461.3162,721.058166,1645,1687,27487.04297,28438.16406,3612.890625,3628.577148,-0.266604,60.853038,1920.274859,628.5060729,1848.727273,1759.848019
167,3,SSHistoricBroderMonacheMeadow,36.16332,-118.18188,H,W,SS,168,163351.5218,-204403.3835,2423.734619,517,567,49014.35156,56520.04688,2322.817626,2404.242919,-1001.249206,-926.58673,190.9861564,1718.189822,159.4581641,485.7101215
168,2,SSHistoricBubbsCreek,36.763891,-118.406272,H,W,SS,169,142070.9825,-138032.3876,3040.200683,196,252,79172.36719,81151.32813,1757.249633,1883.233398,-1251.436645,-1146.079589,1801.15534,1548.733496,1525.39335,1770.86823
169,4,SSHistoricBullfrogLake,36.772973,-118.403983,H,W,SS,170,142258.0196,-137019.6683,3248.513671,53,123,92826.01563,95247.83594,1527.445312,1633.330322,-1343.749633,-1212.180664,213.0938511,907.5964344,159.5710804,470.2906883
170,4,SSHistoricCannellMeadow,35.825082,-118.36717,H,W,SS,171,147352.9408,-242281.5978,2268.452636,757,830,74808.96094,84761.36719,2408.10498,2470.170654,-466.235717,-334.542816,1693.759319,1589.510154,1532.380875,1770.86823
171,9,SSHistoricCarrollCreek,36.5051,-118.10244,H,E,SS,172,169727.8098,-166290.1932,1699.118041,1098,1189,20669.80078,22437.35156,2923.978027,3007.007812,-393.164306,-206.330368,1869.223748,1680.320648,1709.740891,1768.072757
172,2,SSHistoricCirquePeak,36.461735,-118.238346,H,W,SS,173,157662.7364,-171343.2884,3502.545166,21,81,55848.76563,55217.64844,1591.046752,1674.107177,-1367.780761,-1239.286865,1877.799677,1596.585089,1825.280744,1748.0089
173,6,SSHistoricCottonwoodLakes,36.498147,-118.220007,H,W,SS,174,159227.8487,-167266.7299,3382.558837,19,96,52468.45703,54124.92188,1591.882202,1680.528198,-1397.516723,-1255.330566,1693.759319,856.021827,1541.572587,1769.801132
174,10,SSHistoricCrabtreeMeadowWhitneyCreek,36.551234,-118.35854,H,W,SS,175,146734.7266,-161591.3356,3146.682861,160,196,58428.49609,58767.51953,1873.948974,1928.622192,-1321.370849,-1211.306762,1701.25,1203.35987,1536.620438,1768.940986
175,1,SSHistoricDryMeadows,36.214523,-118.25257,H,W,SS,176,156896.1975,-198834.1405,2623.892333,309,366,60218.73047,68649.89063,2047.676025,2107.350585,-1172.465454,-1058.443481,1692.313312,1175.34606,1592.365105,1767.124495
176,2,SSHistoricDunlap,36.717103,-119.132257,H,W,SS,177,77404.59069,-144072.5496,636.060058,1575,1651,64323.5625,71975.38281,3470.309082,3485.226318,106.874198,273.040466,1700.298701,1676.629569,1519.049513,1769.801132
177,2,SSHistoricDusyLake,37.102299,-118.555,H,W,SS,178,128240.7142,-100634.596,3452.819091,13,50,96433.77344,107105.3203,1427.791503,1439.161376,-1294.031982,-1166.09729,2132.493927,1855.229455,2141.598381,1768.072757
178,1,SSHistoricEvolutionLake,37.1686,-118.6933,H,W,SS,179,115866.2342,-93443.5513,3312.861816,-113,-66,93006.98438,88527.22656,1347.798217,1354.240112,-1528.56958,-1359.093505,293.9012146,812.0606306,159.528026,552.1716599
179,4,SSHistoricFlowerHeartLake,36.769543,-118.356112,H,W,SS,180,146531.067,-137327.9368,3175.476074,163,240,73698.09375,82138.48438,1707.569946,1829.754516,-1203.571289,-1050.134399,1714.072993,1604.729773,1563.064673,1770.86823
180,1,SSHistoricHockettTrail1,36.49339,-118.13676,H,E,SS,181,166684.041,-167652.2175,2609.522949,411,484,38297.50781,40839.13281,2007.92871,2087.642089,-999.658996,-863.111145,263.7930477,1624.581907,159.4581641,653.0145749
181,1,SSHistoricHockettTrail2,36.49415,-118.09586,H,E,SS,182,170340.7162,-167495.0765,1999.891235,1082,1169,20946.21289,22751.94141,2906.357421,2988.68164,-394.470458,-214.543106,2021.959547,1855.229455,2091.973279,1841.91357
182,1,SSHistoricHockettTrail3,36.477695,-118.137275,H,E,SS,183,166672.2434,-169397.0405,3036.121093,234,305,42389.32813,43805.27734,1787.34851,1866.405151,-1160.176269,-1034.990722,965.016247,573.2285945,1136.849918,1041.603084
183,1,SSHistoricHockettTrail4,36.49577,-118.1123,H,E,SS,184,168866.6459,-167344.4836,2281.146728,864,943,24499.82031,26585.99609,2633.037597,2718.001464,-570.528991,-413.584533,1852.729402,1051.977346,1846.758117,1791.70517
184,1,SSHistoricHockettTrail5,36.49732,-118.11483,H,E,SS,185,168636.9278,-167176.7618,2137.771972,864,943,24499.82031,26585.99609,2633.037597,2718.001464,-570.528991,-413.584533,1694.389115,1580.543089,1533.901865,1770.86823
185,5,SSHistoricHorseCorralMeadow,36.74744,-118.75404,H,W,SS,186,111095.929,-140324.9638,2312.607421,444,483,81843.67969,94326.22656,2174.498046,2206.454589,-1122.514648,-1009.308837,1688.564477,1580.358537,1534.059205,1770.86823
186,2,SSHistoricHumeLake,36.787727,-118.913013,H,W,SS,187,96870.58801,-136021.9111,1591.895996,884,939,83661.39063,95411.74219,2724.206787,2754.749755,-607.931152,-428.513641,224.0897332,877.1739482,159.4581641,536.1491086
187,4,SSHistoricHumphreysBasin,37.2653,-118.7056,H,W,SS,188,114628.9098,-82710.38753,3460.103759,22,67,96382.6875,92821.60156,1592.409667,1598.894165,-1343.724365,-1200.791015,1434.085784,1663.85134,1249.427288,1749.350324
188,3,SSHistoricJackassMeadow,36.092861,-118.2262,H,W,SS,189,159516.4968,-212306.5494,2364.476562,586,664,40738.21484,46352.61328,2311.33374,2396.364746,-818.458435,-684.683105,1867.233441,779.0656402,1780.421862,1759.079224
189,3,SSHistoricJordanHotSprings,36.229654,-118.30169,H,W,SS,190,152456.2621,-197233.1821,1984.489868,727,804,54138.6875,61985.625,2525.817382,2584.212646,-728.04364,-663.134765,398.6796431,1668.663141,155.5239254,781.6218623
190,1,SSHistoricKearsargePass,36.7725,-118.3761,H,E,SS,191,144743.9589,-137030.0298,3575.227539,-40,34,96073.38281,101209.4063,1373.733032,1484.880004,-1391.881958,-1261.535766,185.6565822,1725.317924,159.4581641,521.6247974
191,2,SSHistoricKiavahMountainScodieMountains,35.682227,-118.085094,H,E,SS,192,173125.6901,-257672.1191,2006.22998,1196,1226,28901.58789,30313.73242,3091.717529,3119.402832,41.437194,67.33393,232.3605497,1600.992659,159.4581641,591.2633712
192,3,SSHistoricKingsRiverCanyon,36.7938,-118.581,H,W,SS,193,126446.6695,-134955.9543,1532.922363,1024,1102,84300.97656,95607.01563,2849.366455,2891.563476,-462.255432,-394.630828,1845.965267,1658.963592,1629.145985,1770.86823
193,4,SSHistoricLittleBrushMeadowOlanchaPeak,36.2541,-118.13,H,W,SS,194,167813.1709,-194227.1813,3005.20996,207,279,48921.38672,49185.12891,1768.8125,1848.796875,-1141.203369,-1029.593261,1693.759319,1490.87031,1753.673139,1696.952071
194,9,SSHistoricLittleCottonwoodCreek,36.47914,-118.128635,H,W,SS,195,167442.0552,-169221.2588,2996.871582,267,338,39452.39063,41492.08594,1824.891967,1905.013183,-1119.529907,-996.875488,1770.498785,1574.727567,1853.599026,1659.757526
195,3,SSHistoricLittlePeteMeadow,37.101522,-118.5958,H,W,SS,196,124621.3797,-100775.3632,2761.333251,353,393,57127.62891,60001.15625,2048.556396,2034.453002,-1174.856323,-1018.076293,1737.596278,1638.638799,1584.861066,1768.940986
196,3,SSHistoricMcClureColbyMeadows,37.1713,-118.7024,H,W,SS,197,115055.2801,-93154.53395,3292.531005,1,51,88545.69531,83934.01563,1510.383789,1510.41333,-1515.481201,-1356.397583,2103.740081,1855.229455,2136.91417,1840.830372
197,3,SSHistoricMillCreek,35.530586,-118.622159,H,W,SS,198,124819.1089,-275358.0051,764.568054,1592,1610,42117.00781,46108.82031,3551.54541,3548.456054,89.143295,106.519393,578.7404704,690.3834281,476.7224919,839.3160454
198,2,SSHistoricMinkler,36.7166,-119.4641,H,W,SS,199,47804.62565,-144347.5762,117.597549,1705,1775,29447.94141,32607.59961,3818.041748,3712.968017,174.470489,299.246154,1845.965267,1366.95624,1845.00081,1833.291027
199,1,SSHistoricMitchellPeak,36.732308,-118.713693,H,W,SS,200,114716.0299,-141958.6137,3127.824707,334,383,85755.16406,97265.8125,1658.787963,1710.451049,-962.916442,-847.949523,1731.608097,1299.478896,1717.507692,1833.426031
200,2,SSHistoricMooseLake,36.600674,-118.637441,H,W,SS,201,121726.1016,-156492.2018,3213.820068,235,269,121178.4922,138368.875,1657.978149,1699.320068,-1146.045043,-1054.213134,2819.488309,2814.549752,3135.71525,2744.622132
201,1,SSHistoricMtGould,36.78039,-118.37854,H,W,SS,202,144511.4987,-136156.9345,3939.965332,-155,-80,103556.4531,106927.1563,1220.898559,1332.225463,-1530.065429,-1400.952148,210.7324007,654.0234551,546.6471119,479.0783514
202,3,SSHistoricOlanchaPeakwestslope,36.259758,-118.123273,H,W,SS,203,168404.3219,-193586.6425,3286.684082,94,165,50748.67188,50419.54297,1643.337158,1726.277221,-1270.998168,-1164.425415,857.4441944,561.5270514,321.7774266,1218.03692
203,7,SSHistoricOnionValley,36.774383,-118.331046,H,W,SS,204,148755.6567,-136751.036,2690.016357,436,510,54933.05859,60454.34766,2160.842041,2278.53125,-1109.465209,-946.376892,2631.717626,1724.237303,2445.726946,2885.123596
204,4,SSHistoricOnyx,35.685739,-118.21827,H,E,SS,205,161079.5332,-257516.7812,865.934692,1609,1656,30723.77344,31870.80078,3552.024414,3581.382812,-14.723078,47.917652,3221.592176,1953.434802,3205.820144,3387.641441
205,1,SSHistoricPiutePassofftrapline,37.231039,-118.68916,H,W,SS,206,116137.3445,-86498.4809,3600.783691,-47,-10,98607.88281,96506.125,1502.204956,1508.569824,-1409.535644,-1283.368286,3479.262613,2297.572072,3470.041873,3491.991449
206,4,SSHistoricRedrocksMeadow,36.270108,-118.271385,H,W,SS,207,155094.4464,-192689.4105,2661.955078,304,354,62414.53906,72298.0625,2086.180419,2142.761474,-1189.721313,-1120.528198,2278.20027,1826.281152,2337.554656,2049.29793
207,1,SSHistoricRockCreek,36.496066,-118.326482,H,W,SS,208,149708.3836,-167671.4385,2953.58789,164,229,56144.76172,54281.84375,1924.977783,1979.123291,-1352.718872,-1194.768432,1744.386312,548.3096745,1690.857914,1895.933694
208,2,SSHistoricSirrettaMeadows,35.942,-118.328,H,W,SS,209,150658.336,-229232.3434,2758.37207,517,569,69030.24219,78146.5625,2036.412597,2084.155761,-727.874267,-647.595275,3518.758559,1516.071493,3416.613063,3496.154815
209,5,SSHistoricSmithMeadowTroutCreek,35.96474,-118.22947,H,W,SS,210,159488.2949,-226545.0682,1860.368652,962,1008,30620.12109,33120.92969,2889.510009,2962.052001,-599.494506,-556.719604,3520.771171,1517.694382,3415.314865,3497.266877
210,4,SSHistoricTaylorMeadow,35.830658,-118.29175,H,W,SS,211,154147.2014,-241542.2964,2147.303222,814,850,69148.78906,78127.75781,2533.720947,2586.071533,-433.642456,-392.108795,3292.246514,1583.48741,3027.026079,3481.829883
211,4,SSHistoricWalkerPass05westside,35.68775,-118.049302,H,E,SS,212,176348.5304,-256992.7467,1395.433349,1382,1442,26892.125,28197.61914,3409.179687,3447.571533,-38.129978,-8.068165,2985.029213,1609.441547,2784.027416,3235.687387
212,2,SSHistoricWalkerPass06westside,35.6692,-118.0371,H,E,SS,213,177494.1214,-259030.1934,1526.797729,1385,1470,26017.14063,27308.17383,3389.075683,3423.984375,-55.912044,68.263031,1054.4982,1624.955466,998.7363677,1151.380288
213,3,SSHistoricWalkerPass07FreemanCanyoneastside,35.6501,-118.0109,H,E,SS,214,179907.3921,-261102.0765,1481.388427,1430,1517,25466.00586,26607.53906,3392.366943,3428.709228,16.540809,136.759429,3527.384234,2455.143629,3516.56326,3459.057632
214,3,SSHistoricWeldonFayCreeknorth,35.7412,-118.31,H,W,SS,215,152677.7099,-251508.4874,1261.483642,1404,1484,43960.67578,46158.26172,3258.651855,3304.17456,-8.634849,120.026718,3557.377758,2311.277027,3528.76317,3497.266877
215,5,SSHistoricWeldonsouth,35.666083,-118.28948,H,W,SS,216,154681.8552,-259818.5072,809.354003,1638,1699,27610.77734,27742.65234,3648.685058,3679.276367,-81.097114,-8.889328,3286.460189,1809.717049,3277.535522,3296.054505
216,4,SSHistoricWhitneyMeadow,36.434131,-118.2671,H,W,SS,217,155145.7156,-174457.9074,2968.678466,157,243,50025.86719,48526.01172,1999.484497,2060.280761,-1447.557983,-1311.733276,2801.940198,1248.690647,2837.968989,2881.991011
217,3,SSModernAsterLake,36.60162,-118.6779,M,W,SS,218,118110.4461,-156438.2485,2780.194335,411,438,115184.3594,128611.8047,1844.68103,1876.766723,-929.573608,-841.858215,1768.805218,532.5582656,1715.002698,1898.327018
218,2,SSModernBakersfield,35.513862,-118.870948,M,W,SS,219,102304.735,-277513.4596,269.607086,1940,1933,22574.41797,24032,3765.643554,3716.187988,461.77893,469.984771,3146.434157,1514.551461,3162.620953,3209.080558
219,2,SSModernBakersfieldJackrabbitFlat,35.49501,-119.057261,M,W,SS,220,85444.31523,-279791.7701,238.418167,1858,1875,19595.5957,20943.36328,3751.273925,3649.216796,338.520568,406.184631,2111.616906,538.8219116,2061.421763,2233.41036
220,2,SSModernBodfish0102,35.599554,-118.496725,M,W,SS,221,136059.7385,-267525.475,724.749633,1645,1687,27487.04297,28438.16406,3612.890625,3628.577148,-0.266604,60.853038,2111.616906,538.8219116,2061.421763,2233.41036
221,1,SSModernBodfish03ErskineCr,35.587765,-118.440047,M,W,SS,222,141210.6489,-268751.9522,932.073364,1439,1470,32719.11133,34359.16406,3302.20288,3318.513427,23.14204,4.536061,2744.616734,2051.786421,2624.873651,3124.116854
222,1,SSModernBodfish04SandyFlatCampground,35.587765,-118.440047,M,W,SS,222,141210.6489,-268751.9522,932.073364,1439,1470,32719.11133,34359.16406,3302.20288,3318.513427,23.14204,4.536061,2078.191097,2094.47527,1950.321477,2275.173051
223,7,SSModernBroderMonacheMeadow,36.166048,-118.191906,M,W,SS,224,162445.057,-204117.5358,2402.62622,514,564,49455.29297,57110.53125,2322.627197,2402.97705,-1012.962524,-932.088378,3517.655856,2452.592076,3414.583333,3491.991449
224,4,SSModernBullfrogLake,36.770114,-118.404074,M,W,SS,225,142255.2581,-137337.5271,3237.175048,88,154,86487.78906,89185.92969,1586.434448,1695.813842,-1323.28479,-1196.179321,2536.900225,1371.540018,2458.915917,2585.635014
225,2,SSModernCannellMeadow,35.833444,-118.370749,M,W,SS,226,147014.0285,-241358.2978,2278.330566,719,793,74731.59375,85051.08594,2354.548828,2413.725097,-505.518371,-372.174591,2322.522287,1507.358363,2191.255511,2441.784782
226,2,SSModernCarrollCreek,36.510223,-118.102954,M,E,SS,227,169670.45,-165721.8805,1716.338134,1196,1298,19798.12109,21439.98828,3041.571044,3124.109619,-294.749603,-114.807815,3554.940567,2434.233679,3527.83656,3497.266877
227,1,SSModernCottonwoodLakes,36.49873,-118.20772,M,W,SS,228,160325.6093,-167181.2431,3397.723876,23,98,51009.94922,52523.90234,1573.572265,1663.590332,-1388.387451,-1251.370483,1574.806408,629.3528616,1465.239189,1203.386589
228,6,SSModernCrabtreeMeadowWhitneyCreek,36.552653,-118.357678,M,W,SS,229,146809.0432,-161432.3208,3151.039794,160,196,58428.49609,58767.51953,1873.948974,1928.622192,-1321.370849,-1211.306762,1864.466037,2102.513939,1798.76362,2041.165617
229,3,SSModernDunlapMillCreek,36.730162,-119.11864,M,W,SS,230,78605.71188,-142609.9717,576.617309,1600,1675,60865.20703,67827.99219,3504.255615,3522.225585,117.004821,269.165893,3199.245054,1727.656629,3188.254496,3166.937922
230,1,SSModernEvolutionValley1,37.2099,-118.689,M,W,SS,231,116184.0109,-88847.86349,3640.232666,-181,-141,106140.0703,102160.8516,1285.423461,1297.103271,-1545.199096,-1401.058227,3072.56809,1287.738309,3103.858813,3118.780674
231,1,SSModernEvolutionValley2,37.1717,-118.716,M,W,SS,232,113848.8824,-93126.49238,3012.147949,151,191,81481.74219,76976.17969,1713.466674,1710.755859,-1354.587036,-1205.911865,2901.928507,1540.368705,2782.195056,3239.044595
232,1,SSModernEvolutionValley3,37.188599,-118.702,M,W,SS,233,115064.4189,-91231.29439,3440.89624,-127,-81,91155.74219,86409.78906,1422.246337,1434.623413,-1513.269531,-1367.453735,3535.75,2148.523402,3481.603332,3497.266877
233,2,SSModernEvolutionValley4,37.1623,-118.691,M,W,SS,234,116079.8308,-94140.96886,3310.082763,-44,10,93885.90625,88836.16406,1462.668212,1462.426025,-1540.627563,-1359.620117,1023.306931,1502.973471,633.4686513,1184.848785
234,2,SSModernEvolutionValley5,37.0991,-118.597,M,W,SS,235,124518.8735,-101046.1319,2703.30371,404,442,55902.3125,57644.24219,2098.570312,2085.509521,-1126.425048,-969.470764,584.8871841,669.1621622,552.163661,693.2923077
235,2,SSModernEvolutionValley6,37.1027,-118.556,M,W,SS,236,128151.2951,-100591.3795,3452.817871,13,50,96433.77344,107105.3203,1427.791503,1439.161376,-1294.031982,-1166.09729,2937.742356,2117.932943,3339.946019,2812.928957
236,6,SSModernHorseCorralMeadow,36.746714,-118.766445,M,W,SS,237,109990.962,-140420.1122,2281.410156,472,506,83773.3125,97189.02344,2226.397216,2257.682861,-1080.952514,-979.955078,3144.073708,2870.152565,3340.290598,3177.947368
237,3,SSModernHumeLake,36.791984,-118.904039,M,W,SS,238,97664.82265,-135539.583,1586.465087,892,946,82881.53906,94450.78125,2732.150878,2762.713134,-608.465393,-427.126678,3557.377758,2596.454382,3529.23593,3497.266877
238,7,SSModernJackassMeadow,36.09292,-118.226927,M,W,SS,239,159451.0037,-212301.2178,2361.10913,586,664,40738.21484,46352.61328,2311.33374,2396.364746,-818.458435,-684.683105,3411.745495,1609.523146,3353.940117,3423.267568
239,1,SSModernKelsoCreekRoadsalvage,35.63622,-118.24572,M,W,SS,240,158699.9632,-263062.9496,861.411926,1589,1636,31116.56055,32642.92383,3547.89746,3574.032958,-57.348133,-16.534339,2758.908232,1511.832734,2638.934353,3099.511011
240,5,SSModernKingsRiverCanyon,36.791109,-118.600285,M,W,SS,241,124732.7456,-135280.5642,1513.96936,996,1071,89528.52344,100938.8438,2821.147216,2861.868896,-494.701446,-403.18457,992.2507879,707.958127,628.450361,1234.294912
241,3,SSModernLittleBrushMeadowOlanchaPeak,36.253244,-118.134183,M,W,SS,242,167439.7128,-194329.6797,2921.601806,325,388,46703,47273.20313,1889.250488,1972.239013,-1021.812377,-931.281921,3556.077893,2510.741224,3487.410626,3497.266877
242,2,SSModernLittleCottonwoodCreek0102,36.475353,-118.120386,M,W,SS,243,168188.3837,-169627.44,2876.071289,355,425,37290.86719,39474.01953,1918.918334,1998.828613,-1026.648559,-903.624145,2993.901124,1611.153846,2728.064299,3265.751802
243,1,SSModernLittleCottonwoodCreek03upcreekmeadow,36.479157,-118.128614,M,W,SS,244,167443.8967,-169219.3328,2996.871582,267,338,39452.39063,41492.08594,1824.891967,1905.013183,-1119.529907,-996.875488,3284.25776,1517.968076,2952.313399,3493.758326
244,1,SSModernLittleCottonwoodCreekcamp,36.45175,-118.17046,M,W,SS,245,163758.9574,-172337.6792,3071.753906,253,318,44166.60547,43475.47656,1842.070312,1922.470092,-1198.555908,-1075.176635,2631.717626,1754.382366,2799.649888,2441.071589
245,2,SSModernMillCreek,35.535328,-118.61732,M,W,SS,246,125249.7592,-274824.9581,741.362426,1682,1697,39224.24609,42424.83203,3646.935546,3645.92456,119.994926,127.458198,1951.747752,702.8500675,1740.955915,2266.113114
246,3,SSModernMinkler010203,36.750489,-119.440385,M,W,SS,247,49897.80052,-140568.8306,133.22293,1717,1787,31421.41406,34961.1875,3856.254394,3763.78833,183.00418,319.28601,2192.870387,1757.455691,2182.832659,1986.547951
247,1,SSModernMinkler04JesseMorrowMt,36.712887,-119.416629,M,W,SS,248,52041.63409,-144735.2509,134.738555,1710,1777,35249.57422,39160.50781,3829.277832,3735.127441,189.772201,294.117706,1325.036052,605.1904548,1115.843764,1264.396668
248,1,SSModernMooseLake,36.603901,-118.641,M,W,SS,249,121403.0374,-156138.1547,3268.674804,189,217,126916.7813,144539.6094,1620.989624,1658.500488,-1192.814697,-1111.913208,1322.800811,588.8851351,1145.190455,1291.065766
249,1,SSModernOlanchaCreek,36.27383,-118.02917,M,E,SS,250,176814.7172,-191851.9103,1220.9104,1474,1544,16225.2998,16941.6875,3502.062255,3589.343994,-269.053924,-214.993957,1283.206959,574.3713384,1139.761369,1201.806931
250,2,SSModernOnionValley,36.77509,-118.334185,M,W,SS,251,148474.5246,-136677.3881,2754.865234,360,437,59959.46094,66457.1875,2049.855468,2164.07666,-1153.149047,-1001.769958,1306.572653,1672.320899,1270.918468,1226.628095
251,2,SSModernOnyx0103CanebrakeER,35.728478,-118.171663,M,E,SS,252,165200.998,-252689.628,864.857116,1634,1691,28934.52344,30362.70898,3678.806152,3736.395996,-80.963943,-26.112857,890.2106211,559.9449955,286.1874718,1308.393583
252,2,SSModernOnyx0204ScodieCanyon,35.67941,-118.214406,M,E,SS,253,161442.0599,-258213.1532,895.828613,1578,1617,32181.76367,33775.4375,3505.464599,3535.22998,-35.749813,3.576188,3298.139451,1656.85618,2848.093975,3497.266877
253,3,SSModernRockyBasinLakes,36.444488,-118.318132,M,W,SS,254,150556.9476,-173389.3715,3292.232421,121,170,58431.90234,58222.81641,1744.16333,1798.970703,-1313.842773,-1198.068359,2801.940198,2782.464656,3071.963129,2752.253261
254,8,SSModernSirrettaMeadows,35.944708,-118.327436,M,W,SS,255,150703.843,-228930.6228,2755.8479,521,572,67736.60938,76812.67188,2051.300537,2098.160156,-743.499206,-668.757568,254.4789498,495.8004515,533.7452575,415.7849753
255,5,SSModernSmithMeadowTroutCreek,35.965359,-118.226692,M,W,SS,256,159737.2182,-226471.6289,1855.632324,962,1008,30620.12109,33120.92969,2889.510009,2962.052001,-599.494506,-556.719604,235.9234255,619.2214189,524.2503389,341.0688879
256,7,SSModernTaylorMeadow,35.830001,-118.295724,M,W,SS,257,153789.9532,-241621.7291,2169.803466,814,850,69148.78906,78127.75781,2533.720947,2586.071533,-433.642456,-392.108795,857.4441944,561.5270514,321.7774266,1218.03692
257,2,SSModernWalkerPass01FreemanCanyoneastside,35.65561,-118.013813,M,E,SS,258,179631.1395,-260495.6578,1506.406127,1422,1516,25895.05469,27108.45117,3395.660888,3430.004882,-1.499393,123.392677,1269.812924,936.8153985,1234.005861,1197.07339
258,1,SSModernWalkerPass02eastside,35.663848,-118.026011,M,E,SS,259,178509.0647,-259603.7765,1624.62268,1372,1447,26294.21875,27656.75586,3360.282714,3393.189697,-23.067138,79.420387,1269.812924,936.8153985,1234.005861,1197.07339
259,2,SSModernWalkerPass03westside,35.666378,-118.040982,M,E,SS,260,177149.6231,-259350.8709,1511.959716,1396,1486,26008.10938,27277.90234,3389.108398,3424.230224,-16.560758,92.202621,2634.398381,1698.77573,2445.99955,2909.897528
260,1,SSModernWalkerPass04westside,35.725013,-118.075586,M,E,SS,261,173888.7101,-252902.667,1226.395507,1502,1547,31422.94531,33227.32813,3530.671142,3571.281005,-14.175424,22.875314,3422.425225,2123.356886,3421.822523,3482.80378
261,7,SSModernWeldon01050709FRRFayCreeknorth,35.716316,-118.305222,M,W,SS,262,153158.7268,-254264.7074,1041.318847,1469,1513,37195.20703,38396.40625,3400.718017,3441.51416,-14.5167,-0.739558,2336.772625,1827.327935,2406.830859,2117.74955
262,4,SSModernWeldon02030608south,35.678534,-118.295301,M,W,SS,263,154130.6564,-258445.0785,809.834655,1632,1692,27952.30273,28087.35156,3655.131591,3687.369384,-67.167213,-24.872812,1574.806408,610.437613,1527.161189,1707.991885
263,7,SSModernWhitneyMeadow,36.431487,-118.274824,M,W,SS,264,154459.6175,-174764.3029,2956.859619,157,243,50025.86719,48526.01172,1999.484497,2060.280761,-1447.557983,-1311.733276,3516.14955,1591.316854,3435.238288,3497.010351
264,4,Sweetwater1,37.588966,-119.881282,H,W,YO,265,10469.67374,-47506.54922,1067.792114,1291,1316,95871.61719,104917.3047,3236.791503,3203.908447,-194.926803,-3.674052,3292.246514,1583.48741,3027.026079,3481.829883
265,1,TC1,37.81096,-119.71286,M,W,YO,266,25246.33739,-22796.61703,2142.998779,721,815,111413.1875,127917.2891,2435.171386,2398.457763,-770.468994,-512.280151,1006.98199,1599.068826,856.2823636,1120.972097
266,3,TenLakes1,37.903892,-119.525521,H,W,YO,267,41665.27758,-12399.62651,2727.016845,339,414,120285.1719,142732.0938,2047.015625,2020.185302,-1182.17749,-994.265197,3557.377758,2627.406025,3529.23593,3497.266877
267,1,TF1,37.75456,-119.74298,M,W,YO,268,22615.20592,-29073.99941,2015.03247,846,921,94488.83594,108349.0078,2436.940917,2403.688476,-498.995208,-285.603271,3310.716149,2041.570594,3268.485612,3494.0027
268,2,TL1,37.90404,-119.533565,M,W,YO,269,40958.85623,-12386.67906,2864.884033,301,375,119223.1094,140907.0313,2012.623046,1989.346801,-1221.454956,-1037.166992,3557.377758,2212.201893,3518.189104,3497.266877
269,1,TP1,37.90811,-119.26396,M,W,YO,270,64629.01075,-11784.1115,3148.209228,189,281,89233.3125,74912.71094,1875.687377,1885.910034,-1266.052001,-1026.192016,3555.407024,2347.483566,3505.128771,3497.266877
270,3,TuolumneMeadows1,37.87941,-119.39498,H,W,YO,271,53145.35244,-15055.90057,2631.701904,303,358,80079.50781,88010.47656,2148.794921,2144.056884,-1309.754394,-1124.735229,2815.433903,1515.427608,2713.367806,3133.926742
271,1,TuolumneMeadows2,37.8785,-119.3665,H,W,YO,272,55647.64068,-15140.72011,2621.752441,255,317,73277.67188,78695.5625,2151.55664,2146.068359,-1400.133789,-1240.614013,3527.384234,2455.143629,3516.56326,3459.057632
272,6,V1,37.792494,-119.348524,M,W,YO,273,57292.32273,-24690.81273,3053.6875,198,278,98716.78906,114114.9766,1968.274291,1952.759521,-1330.852172,-1106.196411,2696.698605,2093.541817,2567.100765,3037.756404
273,7,V2,37.79766,-119.335133,M,W,YO,274,58465.88894,-24108.36395,3179.400634,154,243,106109.5469,120796.7656,1927.890502,1912.882812,-1354.335693,-1117.433837,2063.034622,2087.256295,1940.300315,2275.164038
274,3,Vogelsang1,37.790895,-119.34256,H,W,YO,275,57818.02476,-24864.94371,3246.115966,190,280,102964.3359,117821.4219,1903.452392,1887.956054,-1321.180419,-1086.425048,2536.900225,1371.540018,2458.915917,2585.635014
275,2,WalkerLake1,37.87338,-119.171,H,E,YO,276,72824.91184,-15577.42119,2437.754638,401,471,62556.49609,59183.09766,2315.776123,2325.455078,-1203.503295,-1020.30017,1027.90459,738.2233228,650.405954,1292.492114
276,1,WarrenFork1,37.95505,-119.2283,H,E,YO,277,67717.59075,-6541.214569,2772.909912,268,367,68433.84375,60107.72656,1964.956542,1986.936767,-1182.499267,-953.48291,1907.671165,2161.09811,1835.266547,2101.211521
277,2,WB1,37.90766,-119.12214,M,E,YO,278,77081.63067,-11728.14652,2156.929931,651,751,45223.93359,46187.77734,2681.116943,2700.642822,-1028.372436,-811.719665,2953.233258,1799.714607,3001.852968,2925.497978
278,2,WC1,37.89667,-119.13013,M,E,YO,279,76391.29769,-12956.28585,2227.444091,662,766,44572.57031,45573.78125,2701.408203,2718.365478,-1032.164794,-827.06903,2898.48741,1225.36196,2962.260342,2933.051685
279,2,WF1,37.954035,-119.22714,M,W,YO,280,67820.29798,-6653.215984,2772.148681,298,387,64419.36328,56942.23828,2040.688598,2061.716796,-1162.15747,-942.54663,3072.56809,1287.738309,3103.858813,3118.780674
280,3,WF2,37.95899,-119.26701,M,W,YO,281,64317.48214,-6130.185553,3040.255371,171,283,89125.5,74277.96094,1834.121826,1852.644409,-1213.051879,-968.284057,3104.02427,1682.620225,3075.708183,3284.516216
281,6,WilliamsButte1,37.90891,-119.1053,H,E,YO,282,78558.91215,-11575.37157,2090.315673,716,834,39594.86328,41195.67188,2769.51831,2791.39331,-1035.835083,-796.212707,727.3070689,1270.494155,290.0121676,1107.638327
282,2,WL1,37.873067,-119.16297,M,W,YO,283,73530.59883,-15606.01722,2445.318847,429,501,59515.98828,56778.84375,2379.479003,2385.887695,-1189.151245,-1005.923828,453.2759711,765.3596215,577.9741965,609.8809955
283,4,WW1,37.85844,-119.651202,M,W,YO,284,30647.83771,-17500.2679,2444.234619,580,649,121466.1797,139132.7813,2409.559326,2369.260986,-991.246215,-795.9151,535.7696477,1135.604944,560.1217313,540.8401992
284,4,WW2,37.849072,-119.622823,M,W,YO,285,33145.45418,-18532.12452,2531.191162,551,619,117957.6172,136599.6094,2347.263183,2312.727294,-1013.781372,-819.971984,3234.336331,2905.722322,3383.278829,3272.481982
285,1,WW3,37.83879,-119.59254,M,W,YO,286,35811.46111,-19664.12025,2382.757812,618,705,111321.8438,129211.0469,2393.820556,2359.798828,-935.276367,-700.598022,1219.543193,691.8155996,865.1271989,1661.671023
286,2,YC1,37.850383,-119.576373,M,W,YO,287,37226.55828,-18369.14753,2278.606689,638,740,110611.8984,129461.6953,2395.388916,2363.631347,-921.145812,-661.555541,2890.213129,1614.681205,2781.116404,3191.531053
287,10,YosemiteValley1,37.749845,-119.590549,H,W,YO,288,36029.14512,-29551.00483,1222.915405,999,1080,88619.78125,99678.85938,2921.308349,2884.434814,-533.912414,-298.38208,906.9851485,628.2086525,239.0955385,1307.539539
288,9,YosemiteValley2,37.737319,-119.602468,H,W,YO,289,34986.22495,-30947.92913,1206.646972,1143,1224,86241.40625,96618.11719,3177.998046,3143.524658,-458.309448,-220.364334,1050.266427,848.1437584,851.0270636,1259.9086
289,1,YosemiteValley3,37.739314,-119.572044,H,W,YO,290,37662.69277,-30714.49762,1212.533081,1134,1212,85211.57031,95560.78906,3160.210693,3120.664062,-470.472412,-214.3945,3365.577858,1583.506295,3228.909622,3476.544554
290,3,YosemiteValley4,37.7458,-119.6054,H,W,YO,291,34724.26958,-30006.21121,1411.985351,1046,1123,87626.3125,98428.46094,2964.531494,2926.884521,-477.68161,-247.946746,2623.946493,1713.248763,2779.150112,2466.719622
291,1,YoungLakes1,37.9378,-119.340629,H,W,YO,292,57874.26106,-8533.18778,3046.679443,191,258,99802.53125,105204.2344,1967.750488,1970.963745,-1331.948486,-1144.927246,1951.747752,702.8500675,1740.955915,2266.113114
292,1,YV1,37.71515,-119.665,M,W,YO,293,29491.78351,-33433.62493,1190.879882,1196,1266,88156.46875,98677.50781,3218.88916,3181.731445,-376.324188,-125.652023,2192.870387,1757.455691,2182.832659,1986.547951
293,1,YV2,37.72193,-119.63632,M,W,YO,294,32013.6325,-32670.61859,1205.38208,1166,1248,87129.09375,98026.54688,3206.558837,3168.870117,-431.482452,-172.811264,1290.83371,587.9441441,1135.836036,1218.555155
294,6,YV3,37.732423,-119.607703,M,W,YO,295,34527.76967,-31494.11511,1206.646972,1144,1224,86207.77344,96665.03125,3189.4375,3153.274902,-460.672241,-221.398788,1333.242793,595.0594059,1177.277477,1242.5027
295,4,YV4,37.742763,-119.58765,M,W,YO,296,36287.65366,-30337.17393,1208.70874,1150,1235,85908.77344,96147.01563,3245.48291,3205.028564,-478.674224,-237.185516,1312.764653,590.1387387,1145.190455,1234.373087
296,1,YV5,37.74053,-119.57217,M,W,YO,297,37650.99441,-30579.37045,1208.789794,1134,1212,85211.57031,95560.78906,3160.210693,3120.664062,-470.472412,-214.3945,1174.968369,765.8512844,728.4121896,1233.289059
297,1,YV6,37.73267,-119.55807,M,W,YO,298,38895.88567,-31447.4387,1226.691894,1115,1195,86798.86719,97426.11719,3147.343017,3107.548095,-486.125793,-273.356201,1226.221619,1219.292716,1128.837911,1234.216119
298,2,YV7,37.753365,-119.54557,M,W,YO,299,39984.9893,-29141.67132,1255.54895,1099,1158,89308.9375,100565.2422,3051.22998,3010.626464,-465.929168,-298.371002,916.480198,564.8155165,267.4885083,1289.341761
299,1,YV8,37.75236,-119.58723,M,W,YO,300,36319.96828,-29270.15697,1321.365966,1040,1108,87660.10938,98230.60156,3040.938476,2996.66455,-517.030273,-291.200134,3298.139451,1656.85618,2848.093975,3497.266877
