"FID_1","FREQUENCY","AGG","AGGLAT","AGGLONG","ERA","SLOPE","REGION","Rowid","X","Y","SRTMv4","H_BIO_1","C_BIO_1","H_BIO_12","C_BIO_12","H_BIO_5","C_BIO_5","H_BIO_6","C_BIO_6","nr_elv_b1","nr_elv_b12","nr_elv_b5","nr_elv_b6"
49,5,"LAHistoricBattleCreek",40.37479,-122.18016,"H","W","LA",50,-185109.5797,264214.9898,110.369949,1596,1624,57246.00781,72427.82031,3654.173828,3615.699218,118.561851,226.179,2033.90789473684,1707.63323201621,1304.82210927573,1596.16395222584
50,7,"LAHistoricBlackButte",40.4147,-121.5319,"H","W","LA",51,-130002.0043,267569.0251,1979.420043,651,614,206215.3906,237624.9531,2461.356689,2425.641845,-649.260131,-620.035217,2033.90789473684,1707.63323201621,1304.82210927573,1596.16395222584
51,5,"LAHistoricButteLake",40.5642,-121.302391,"H","W","LA",52,-110298.2466,283877.5852,1854.439331,616,614,77267.03906,91693.10156,2644.942138,2599.085205,-848.830688,-715.000122,2323.04795918367,1075.58417849899,1469.68841761827,1784.7118847539
52,10,"LAHistoricDalesPayneCreek",40.3146,-122.0695,"H","W","LA",53,-175861.2121,257321.3891,186.013916,1655,1684,62558.10547,78115.26563,3669.655761,3626.761718,191.375427,311.126892,1391.84210526316,1541.57548125633,2509.17192982456,2074.93778801843
53,1,"LAHistoricEagleLake1",40.73439,-120.719636,"H","W","LA",54,-60802.68776,302246.8632,1582.611816,721,738,38722.875,41795.75781,2909.644775,2884.053955,-963.455932,-764.076171,1391.84210526316,1541.57548125633,2509.17192982456,2074.93778801843
54,5,"LAHistoricEagleLake2",40.670943,-120.789583,"H","W","LA",55,-66771.21428,295249.9978,1564.38684,742,761,43664.46875,47582.35938,2956.384765,2918.191894,-947.717407,-750.887817,1936.2385786802,1435.51012145749,1315.75285714286,1817.84708737864
55,3,"LAHistoricEagleLake3",40.572925,-120.838016,"H","W","LA",56,-70963.11884,284402.4128,1561.768676,750,763,59525.88672,69248.63281,2967.443603,2938.422363,-942.762145,-753.515075,1950.52791878173,1431.95748987854,1545.8492343934,2083.67203682394
56,3,"LAHistoricERavendale",40.79823,-120.23207,"H","E","LA",57,-19589.8652,309127.4349,1620.82788,733,765,25050.84375,27536.79688,2958.756347,2951.580078,-1008.150512,-781.388793,1958.25989847716,1406.32591093117,1509.09568261377,2052.35944700461
57,2,"LAHistoricGrasshopperValley",40.850087,-120.756895,"H","E","LA",58,-63848.18855,315115.04,1628.009643,686,719,34165.5,37138.65234,2898.747314,2873.998046,-1010.164062,-774.467163,2093.76727642276,1419.82793522267,1487.55257009346,1704.25952380952
58,6,"LAHistoricHotSpringValley",40.44423,-121.3938,"H","W","LA",59,-118234.9673,270667.1731,1772.984619,643,641,143176.8281,163015.625,2687.598144,2636.817871,-801.199523,-683.906066,1082.34615384615,1493.27125506073,2619.40533672173,2312.28873239437
59,3,"LAHistoricKellys2",40.432678,-121.352069,"H","W","LA",60,-114713.4634,269333.1898,1607.001708,679,687,105720.4766,122672.9688,2829.58789,2774.519287,-961.345886,-785.451599,1856.54056795132,1629.23577235772,1295.40833333333,1952.3839811543
60,2,"LAHistoricLakeHelen",40.469128,-121.518495,"H","W","LA",61,-128767.698,273594.1629,2475.800048,332,312,254302.6875,292500.5938,2085.33374,2049.760498,-904.480407,-898.280822,665.53036437247,1387.34923857868,2262.31712062257,2257.76639344262
61,10,"LAHistoricLymans",40.3096,-121.7678,"H","W","LA",62,-150236.8755,256247.3364,1050.525268,1283,1285,81032.89063,95780.53906,3209.805175,3183.52124,-24.084835,63.779815,1236.33704453441,1406.96255060729,2565.78802588997,2129.87384259259
62,3,"LAHistoricManton",40.425439,-121.889271,"H","W","LA",63,-160302.5298,269308.5582,564.411132,1534,1579,72116.85156,87320.69531,3557.284179,3536.480224,93.893226,250.279617,1399.96255060729,1424.47368421053,2629.34186939821,2099.1291810842
63,2,"LAHistoricManzanitaLake",40.5314,-121.5648,"H","W","LA",64,-132579.8995,280572.0166,1790.466796,662,639,90251.01563,103491.7188,2636.748535,2605.633544,-760.955078,-689.962341,623.64401622718,1360.79107505071,2303.77628635347,2262.14519427403
64,2,"LAHistoricMineral3",40.337764,-121.596129,"H","W","LA",65,-135596.0647,259115.9697,1477.66333,820,771,121032.0078,141133.5938,2821.105224,2783.10791,-538.154113,-519.451843,587.522312373225,1421.33333333333,2473.62857142857,2317.9552238806
65,7,"LAHistoricMineralSummitCreek1",40.3489,-121.5878,"H","W","LA",66,-134867.8396,260340.6648,1514.352294,785,737,121880.2891,142052.5469,2780.557861,2741.848876,-583.641967,-564.442443,700.571862348178,1349.79268292683,1626,2400.27684563758
66,4,"LAHistoricMineralSummitCreek2",40.3628,-121.5663,"H","W","LA",67,-133016.2786,261853.777,1550.079345,728,684,126082.2031,146783.1563,2744.924072,2706.152099,-654.673706,-628.226684,770.638663967611,1355.27918781726,1922.96578538103,2439.67777777778
67,4,"LAHistoricNFredonyerPeak",40.801001,-120.61175,"H","E","LA",68,-51639.55816,309577.6822,1711.364379,694,707,31514.58203,33389.92969,2843.318359,2823.207519,-881.965332,-710.188415,857.744939271255,1449.54674796748,2117.92218543046,2561.13861386139
68,4,"LAHistoricNObservationPeak1",40.86135,-120.17049,"H","E","LA",69,-14378.78553,316123.3842,1628.222045,734,766,25371.58008,28893.19336,2944.365478,2937.230712,-1003.844909,-773.414062,641.325227963526,1450.11303462322,2353.76056338028,2264.76801801802
69,6,"LAHistoricPetesValley",40.52927,-120.46209,"H","E","LA",70,-39153.21825,279336.7801,1381.582763,913,919,30602.96484,31529.16797,3141.628173,3122.380615,-803.565856,-654.644287,997.204453441296,1665.07715736041,2576.94542536116,2534.25846501129
70,4,"LAHistoricRedBluff1",40.1339,-122.2061,"H","W","LA",71,-187934.1705,237518.3944,91.571395,1682,1701,51736.14844,66096.82031,3722.461425,3628.425048,195.802505,309.98114,783.303643724696,1377.26016260163,1715.89962358846,2444.59173553719
71,1,"LAHistoricRedBluff2",40.24038,-122.110955,"H","W","LA",72,-179566.9292,249157.8915,230.262832,1605,1643,63642.07422,79460.10156,3612.298828,3557.201416,152.790039,304.694152,1180.21862348178,1541.89260385005,2554.08059210526,2209.81477139508
72,2,"LAHistoricRedBluff3",40.1707,-122.1254,"H","W","LA",73,-180968.9713,241447.8867,89.825149,1676,1698,53572.875,68118.57813,3714.334472,3629.450439,184.806869,304.1315,1958.25989847716,1406.32591093117,1509.09568261377,2052.35944700461
73,11,"LAHistoricRedBluff4",40.190329,-122.225207,"H","W","LA",74,-189414.4826,243822.5161,83.213935,1682,1701,53293.56641,68032.03906,3705.349853,3624.790771,185.771316,296.939636,3042.18439716312,1475.07085020243,1798.17105263158,1852.34125636672
74,1,"LAHistoricRedBluff5",40.212178,-122.229766,"H","W","LA",75,-189745.416,246257.7529,89.268058,1682,1701,55690.40234,70461.83594,3695.548583,3618.773925,185.864425,299.493804,3019.45896656535,1662.41582150101,1794.54774972558,1852.34125636672
75,2,"LAHistoricRedBluff6",40.322164,-122.285572,"H","W","LA",76,-194198.9776,258582.9251,176.98439,1643,1672,66610.51563,82697.35156,3671.539062,3634.43457,165.527511,283.589538,3154.51776649746,2718.31675126904,1884.71782762692,1851.1197301855
76,2,"LAHistoricSWRavendale",40.6969,-120.409,"H","E","LA",77,-34574.47295,297928.4338,1716.792724,736,748,32251.88281,33906.92578,2863.236816,2848.0708,-829.146789,-662.239257,2247.55634517766,778.217922606925,2215.99436090226,1961.32790988736
77,4,"LAHistoricTermo",40.8915,-120.4564,"H","E","LA",78,-38477.49651,319549.891,1630.919677,659,706,23811.74023,25182.82031,2961.351318,2949.612792,-1100.660644,-871.301757,853.021255060729,1683.99695431472,2150.68634064081,2553.10640732265
78,1,"LAHistoricTurners",40.30825,-121.738116,"H","W","LA",79,-147717.189,256050.7845,1146.906127,1223,1228,84921.22656,99915.85156,3139.116699,3111.663085,-74.89286,24.721372,733.045546558704,1619.20385395538,2281.38074398249,2560.71094710947
79,1,"LAHistoricWarnerCreek1",40.459693,-121.441843,"H","W","LA",80,-122284.0339,272445.0688,2084.836669,598,564,232992.625,262335.5625,2449.193115,2402.611083,-741.84082,-695.085876,1152.75506072874,1580.91084093212,2593.97585768742,2298.45945945946
80,4,"LAHistoricWarnerCreek2",40.463512,-121.471967,"H","W","LA",81,-124832.1142,272908.3696,2261.664794,511,475,248862.9844,282762.2813,2265.964355,2222.392822,-733.904296,-737.427062,1537.71935157042,1513.44028340081,2313.3536121673,2051.65092165899
81,7,"LAHistoricWillowLake",40.405237,-121.365727,"H","W","LA",82,-115916.0755,266302.7414,1653.95227,690,688,123663.5547,141138.3906,2745.626708,2690.129394,-779.737304,-635.958129,2858.82370820669,1661.06389452333,1780.95364238411,1852.04545454545
82,3,"LAHistoricWRedRockPO",40.8995,-120.25399,"H","E","LA",83,-21410.19638,320373.9836,1623.17749,689,738,24660.64063,27328.41602,2952.218017,2941.289306,-1054.175781,-796.367492,1150.7520242915,1473.71255060729,2578.00753768844,2368.16106604867
83,5,"LAModernBaileyCreek",40.805722,-120.610026,"M","E","LA",84,-51490.65714,310100.8287,1731.012939,702,719,30850.56836,32588.73438,2862.461669,2842.757812,-912.291503,-717.161621,1289.06680161943,1452.40688259109,2585.58133669609,2131.97677119628
84,2,"LAModernBattleCreek",40.34945,-121.631705,"M","W","LA",85,-138595.7498,260465.0576,1495.393432,835,787,123398.1172,142794.1719,2786.009277,2750.880371,-497.733764,-477.022247,1066.19129554656,1435.61032388664,2633.70498614958,2422.51032110092
85,2,"LAModernBattleCreekMeadows",40.33948,-121.609185,"M","W","LA",86,-136701.8806,259325.269,1468.201049,820,772,121347.8672,141089.4688,2824.046142,2786.805664,-534.630615,-514.218505,2885.39372469636,1620.77608915907,1765.91089108911,1852.34125636672
86,4,"LAModernBluffFalls",40.412202,-121.531905,"M","W","LA",87,-130006.9107,267291.6594,1974.907714,651,614,206215.3906,237624.9531,2461.356689,2425.641845,-649.260131,-620.035217,2750.08629441624,1647.78194726166,1798.33406352683,1874.85592185592
87,2,"LAModernButteLake",40.562405,-121.29966,"M","W","LA",88,-110069.7051,283675.1166,1849.016723,616,614,77267.03906,91693.10156,2644.942138,2599.085205,-848.830688,-715.000122,2885.39372469636,1620.77608915907,1765.91089108911,1852.34125636672
88,1,"LAModernCoyoteCreek",40.09325,-122.22687,"M","W","LA",89,-189809.2671,233045.6759,92.390357,1678,1698,51017.39453,64932.80469,3726.840332,3629.715332,195.824295,300.859588,2425.06997971602,1434.29655870445,1507.61709601874,1780.77551020408
89,1,"LAModernCoyoteFlat",40.88974,-120.26846,"M","E","LA",90,-22633.0794,319293.9533,1620.707031,695,743,23742.44922,26133.42969,2956.839355,2948.693115,-1052.021972,-796.605529,3159.57360406091,2671.60182370821,1998.48810872027,1852.34125636672
90,2,"LAModernDalesLake",40.330645,-122.072605,"M","W","LA",91,-176086.075,259108.6935,209.856811,1656,1685,62168.59766,77732.5,3670.218261,3629.204589,200.624816,317.63626,1533.14690982776,1597.81762917933,2568.53156565657,1762.02895054282
91,2,"LAModernDodgeRanch",40.89014,-120.17355,"M","E","LA",92,-14631.02955,319319.7019,1631.74121,728,764,26407.48242,30056.15039,2947.732421,2936.410644,-994.781311,-756.681335,1678.77484787018,1771.36409736308,1288.3323943662,2240.95985832349
92,2,"LAModernDodgeReservoir",40.96926,-120.135055,"M","E","LA",93,-11372.97616,328096.7099,1762.266479,655,700,35987.80469,42485.6875,2775.903076,2764.220703,-913.868469,-688.752075,1682.63488843813,1622.98577235772,2278.9325044405,1962.54383886256
93,2,"LAModernDrakesbad",40.444655,-121.4085,"M","W","LA",94,-119481.1762,270732.793,1750.055664,638,633,156503.3438,177542.75,2682.944824,2633.132324,-801.577087,-692.360168,2326.37385086823,1840.20182555781,1507.95774647887,1617.64899713467
94,2,"LAModernEagleLakeBrockman",40.59293,-120.844295,"M","W","LA",95,-71475.03761,286628.3216,1590.503417,728,741,63111.24219,73730.83594,2938.687988,2907.757568,-957.357849,-768.332031,2326.37385086823,1840.20182555781,1507.95774647887,1617.64899713467
95,2,"LAModernEagleLakeMerrillCreek",40.552305,-120.814665,"M","W","LA",96,-69005.45019,282095.6548,1558.725952,742,759,59808.78125,69581.77344,2944.249023,2922.365722,-938.472229,-746.715332,3126.7799188641,1452.97664974619,1779.68351648352,1852.34125636672
96,2,"LAModernEagleLakePapooseMeadow",40.525815,-120.76727,"M","W","LA",97,-65014.73002,279120.7954,1626.312744,751,760,59940.92578,69244.09375,2882.932373,2854.146972,-889.548645,-720.534057,3165.31573604061,2331.63866396761,1930.23617511521,1852.34125636672
97,3,"LAModernEagleLakePineCreek",40.66796,-120.78612,"M","W","LA",98,-66481.11307,294916.3804,1568.468872,745,764,43966.51172,48017.52734,2961.43872,2923.993164,-951.528747,-750.654174,548.871196754564,1166.78014184397,2393.34653465347,2396.5086042065
98,4,"LAModernHelenEmeraldLakes",40.469727,-121.513978,"M","W","LA",99,-128383.6255,273654.5458,2498.85913,332,312,254302.6875,292500.5938,2085.33374,2049.760498,-904.480407,-898.280822,3166.94822335025,1417.72469635628,1818.91574279379,1852.34125636672
99,1,"LAModernHogLake",40.28261,-122.12289,"M","W","LA",100,-180476.9954,253869.6966,269.907867,1622,1666,63617.23438,79513.94531,3658.989746,3612.069824,179.379821,324.325103,3179.44929006085,1558.24771573604,1975.21714285714,1852.34125636672
100,1,"LAModernHorneRanch",40.82822,-120.13889,"M","E","LA",101,-11718.8875,312441.3079,1646.741455,723,752,28087.98047,32899.62891,2910.188964,2903.140869,-998.991455,-779.837524,3195.56910569106,1629.6656504065,1977.85446527012,1852.34125636672
101,2,"LAModernJellysFerry",40.319965,-122.18149,"M","W","LA",102,-185362.5726,258130.4257,105.637695,1632,1657,57632.9375,72770.90625,3674.144531,3624.634033,154.593719,265.264282,558.961460446247,1070.95532994924,2401.92171717172,2402.09920634921
102,2,"LAModernKingsCreekFalls",40.45971,-121.44478,"M","W","LA",103,-122533.0778,272450.7484,2099.721923,571,524,243960.7969,275158.5,2386.148681,2339.767089,-733.379577,-709.685974,557.019269776876,1064.37258883249,2401.14180929095,2407.31150793651
103,4,"LAModernLymanSprings",40.31124,-121.764275,"M","W","LA",104,-149933.9457,256423.8656,1046.930297,1283,1285,81032.89063,95780.53906,3209.805175,3183.52124,-24.084835,63.779815,548.871196754564,1166.78014184397,2393.34653465347,2396.5086042065
104,1,"LAModernManzanitaLake",40.53759,-121.57018,"M","W","LA",105,-133024.3069,281266.8021,1790.642944,671,647,89695.03125,102737.3828,2651.145996,2620.582763,-761.394409,-690.373596,3124.6430020284,1516.66802030457,1772.20552486188,1852.34125636672
105,1,"LAModernObservationPeak1",40.86155,-120.1599,"M","E","LA",106,-13485.54019,316144.0293,1630.512695,736,767,25644.11328,29345.60547,2945.635498,2937.235351,-994.155761,-762.539611,3159.25279187817,1448.10829959514,1859.31014150943,1852.34125636672
106,1,"LAModernObservationPeak2",40.84532,-120.17653,"M","E","LA",107,-14891.53927,314344.8585,1631.49707,733,764,25613.77344,28826.62109,2945.337402,2940.009765,-1013.111694,-789.096557,3195.56910569106,1565.2152284264,1931.72647702407,1852.34125636672
107,1,"LAModernPaynesCreek",40.30254,-122.10614,"M","W","LA",108,-179004.0566,256050.8802,167.763153,1648,1680,62548.91406,78308.32813,3679.964599,3634.808105,182.45964,311.058135,1444.0991902834,1474.89979757085,2604.29246487867,2082.56912442396
108,3,"LAModernPetesValley",40.526137,-120.465513,"M","E","LA",109,-39444.96562,278990.3098,1380.787109,910,916,31691.9375,32703.11133,3133.296386,3113.899658,-799.035644,-653.485107,1108.34615384615,1666.97870182556,2634.27323943662,2325.56271981243
109,3,"LAModernPoleSpring",40.5872,-121.287017,"M","W","LA",110,-108961.6374,286413.4188,1792.628662,660,675,65093.18359,78404.72656,2716.875976,2669.653076,-846.795654,-688.951232,1655.4878296146,1476.1641337386,1302.86751592357,2366.12761020882
110,3,"LAModernReadingIsland",40.389273,-122.192203,"M","W","LA",111,-186094.7451,265846.551,110.502998,1588,1617,57228.89063,72317.91406,3645.319335,3611.466796,114.63169,222.441406,2645.24568527919,1419.5991902834,1503.90315052509,1906.6030075188
111,1,"LAModernSacramentoRBlueTentCr",40.2026,-122.21628,"M","W","LA",112,-188622.873,245167.3017,79.988998,1682,1701,53917.08594,68535.71094,3704.998046,3627.634277,185.652816,299.792144,3130.67545638945,2609.73279352227,1956.55085714286,1852.34125636672
112,1,"LAModernSacramentoRPerryRiffle",40.29721,-122.17534,"M","W","LA",113,-184898.0725,255591.8729,97.449203,1644,1670,57811.46484,72992.47656,3677.632324,3622.57788,170.402557,282.513854,1655.4878296146,1476.1641337386,1302.86751592357,2366.12761020882
113,5,"LAModernSlateCreek",40.842596,-120.769944,"M","E","LA",114,-64955.69066,314292.3631,1662.968994,675,704,37239.62891,40530.8125,2859.357666,2836.590576,-1014.517639,-787.41455,1804.7799188641,1589.13516260163,1419.41028708134,2209.81477139508
114,1,"LAModernSummitCreek",40.35804,-121.55757,"M","W","LA",115,-132283.638,261313.0021,1616.154541,728,684,126082.2031,146783.1563,2744.924072,2706.152099,-654.673706,-628.226684,2645.24568527919,1419.5991902834,1503.90315052509,1906.6030075188
115,1,"LAModernSummitCreekN",40.3689,-121.53831,"M","W","LA",116,-130628.4582,262492.2142,1722.885986,709,671,150401.6563,173788.2813,2635.045166,2597.298095,-597.92749,-573.161315,2644.71878172589,1488.97061803445,1520.76779463244,1911.88575667656
116,1,"LAModernTuledadRd",40.92563,-120.13857,"M","E","LA",117,-11676.08105,323254.3105,1695.653076,719,760,30459.70508,35420.48438,2889.939941,2883.288574,-928.686767,-694.247436,2404.46639511202,1804.99797160243,1468.47212741752,1365.66180758018
117,2,"LAModernUpperKingsCreekMdw",40.46521,-121.4764,"M","W","LA",118,-125205.0975,273102.7513,2275.902832,511,475,248862.9844,282762.2813,2265.964355,2222.392822,-733.904296,-737.427062,2265.52797558494,1399.13461538462,1504.99883449883,1686.6322418136
118,5,"LAModernVasquezRanch",40.436528,-121.875444,"M","W","LA",119,-159105.1118,270516.4655,597.303955,1509,1543,74472.65625,89955.03906,3512.508056,3493.597412,86.331016,230.28038,2249.16345177665,1422.22773279352,1544.45100354191,1700.30759951749
119,2,"LAModernWillowLake",40.40586,-121.362885,"M","W","LA",120,-115673.8805,266368.4492,1657.133178,675,669,117361.6641,134313,2656.259521,2600.672363,-741.825134,-610.345397,2397.98472505092,784.6484295846,1437.15981012658,1781.82973621103
120,2,"LAModernWilsonLake",40.344115,-121.439425,"M","W","LA",121,-122273.8387,259608.1035,1663.544311,720,709,102611.6797,118677.9375,2768.540527,2712.893066,-739.950012,-617.433044,2228.28077314344,1486.3515704154,1510.90665110852,1598.72955288986
164,2,"SSHistoricAsterLake",36.600145,-118.674825,"H","W","SS",165,118387.4234,-156598.3281,2854.565673,401,427,117271.7188,130940.2969,1804.300292,1838.94226,-924.527099,-837.829956,2334.60510204082,797.191489361702,1671.29026548673,1840.6140776699
165,3,"SSHistoricBakersfield",35.419839,-119.008768,"H","W","SS",166,89926.51126,-288095.7182,138.832504,1796,1834,16595.76172,17586.13867,3801.74414,3666.898681,196.259445,317.224639,2265.52797558494,1399.13461538462,1504.99883449883,1686.6322418136
166,6,"SSHistoricBodfish",35.600131,-118.496674,"H","W","SS",167,136063.3377,-267461.3162,721.058166,1645,1687,27487.04297,28438.16406,3612.890625,3628.577148,-0.266604,60.853038,2397.98472505092,784.6484295846,1437.15981012658,1781.82973621103
167,3,"SSHistoricBroderMonacheMeadow",36.16332,-118.18188,"H","W","SS",168,163351.5218,-204403.3835,2423.734619,517,567,49014.35156,56520.04688,2322.817626,2404.242919,-1001.249206,-926.58673,2225.90946083418,790.565349544073,2284.03374777975,1652.79836512262
168,2,"SSHistoricBubbsCreek",36.763891,-118.406272,"H","W","SS",169,142070.9825,-138032.3876,3040.200683,196,252,79172.36719,81151.32813,1757.249633,1883.233398,-1251.436645,-1146.079589,743.664979757085,1535.84787018256,1634.08344370861,2481.85467625899
169,4,"SSHistoricBullfrogLake",36.772973,-118.403983,"H","W","SS",170,142258.0196,-137019.6683,3248.513671,53,123,92826.01563,95247.83594,1527.445312,1633.330322,-1343.749633,-1212.180664,3130.67545638945,2609.73279352227,1956.55085714286,1852.34125636672
170,4,"SSHistoricCannellMeadow",35.825082,-118.36717,"H","W","SS",171,147352.9408,-242281.5978,2268.452636,757,830,74808.96094,84761.36719,2408.10498,2470.170654,-466.235717,-334.542816,2483.76883910387,2167.21356275304,1471,1499.91310344828
171,9,"SSHistoricCarrollCreek",36.5051,-118.10244,"H","E","SS",172,169727.8098,-166290.1932,1699.118041,1098,1189,20669.80078,22437.35156,2923.978027,3007.007812,-393.164306,-206.330368,110.918864097363,1243.31034482759,2612.42280285036,2243.63231197772
172,2,"SSHistoricCirquePeak",36.461735,-118.238346,"H","W","SS",173,157662.7364,-171343.2884,3502.545166,21,81,55848.76563,55217.64844,1591.046752,1674.107177,-1367.780761,-1239.286865,112.722278738555,1290.6331300813,2612.42280285036,2228.98774885145
173,6,"SSHistoricCottonwoodLakes",36.498147,-118.220007,"H","W","SS",174,159227.8487,-167266.7299,3382.558837,19,96,52468.45703,54124.92188,1591.882202,1680.528198,-1397.516723,-1255.330566,2461.62970498474,2064.22874493927,1454.81214848144,1476.75203252033
174,10,"SSHistoricCrabtreeMeadowWhitneyCreek",36.551234,-118.35854,"H","W","SS",175,146734.7266,-161591.3356,3146.682861,160,196,58428.49609,58767.51953,1873.948974,1928.622192,-1321.370849,-1211.306762,3191.7076142132,1445.63157894737,1991.57696566999,1852.34125636672
175,1,"SSHistoricDryMeadows",36.214523,-118.25257,"H","W","SS",176,156896.1975,-198834.1405,2623.892333,309,366,60218.73047,68649.89063,2047.676025,2107.350585,-1172.465454,-1058.443481,505.260162601626,1019.19593908629,2441.16591928251,2394.0546875
176,2,"SSHistoricDunlap",36.717103,-119.132257,"H","W","SS",177,77404.59069,-144072.5496,636.060058,1575,1651,64323.5625,71975.38281,3470.309082,3485.226318,106.874198,273.040466,548.871196754564,1143.61561866126,2403.7990430622,2405.35515873016
177,2,"SSHistoricDusyLake",37.102299,-118.555,"H","W","SS",178,128240.7142,-100634.596,3452.819091,13,50,96433.77344,107105.3203,1427.791503,1439.161376,-1294.031982,-1166.09729,384.012182741117,746.36012207528,2519.31639722864,2428.33393501805
178,1,"SSHistoricEvolutionLake",37.1686,-118.6933,"H","W","SS",179,115866.2342,-93443.5513,3312.861816,-113,-66,93006.98438,88527.22656,1347.798217,1354.240112,-1528.56958,-1359.093505,401.843654822335,754.889114954222,2514.46666666667,2421.0349907919
179,4,"SSHistoricFlowerHeartLake",36.769543,-118.356112,"H","W","SS",180,146531.067,-137327.9368,3175.476074,163,240,73698.09375,82138.48438,1707.569946,1829.754516,-1203.571289,-1050.134399,2247.55634517766,1073.76852791878,2310.3602058319,1991.6944801027
180,1,"SSHistoricHockettTrail1",36.49339,-118.13676,"H","E","SS",181,166684.041,-167652.2175,2609.522949,411,484,38297.50781,40839.13281,2007.92871,2087.642089,-999.658996,-863.111145,2487.23625254582,1367.69857433809,1280.03180661578,1909.95288753799
181,1,"SSHistoricHockettTrail2",36.49415,-118.09586,"H","E","SS",182,170340.7162,-167495.0765,1999.891235,1082,1169,20946.21289,22751.94141,2906.357421,2988.68164,-394.470458,-214.543106,2281.61405295316,1447.93724696356,1469.24651162791,1660.64252336449
182,1,"SSHistoricHockettTrail3",36.477695,-118.137275,"H","E","SS",183,166672.2434,-169397.0405,3036.121093,234,305,42389.32813,43805.27734,1787.34851,1866.405151,-1160.176269,-1034.990722,2655.30425963489,2211.57388663968,1780.52973568282,1879.79069767442
183,1,"SSHistoricHockettTrail4",36.49577,-118.1123,"H","E","SS",184,168866.6459,-167344.4836,2281.146728,864,943,24499.82031,26585.99609,2633.037597,2718.001464,-570.528991,-413.584533,533.335025380711,1115.17139959432,2405.04235294118,2409.07407407407
184,1,"SSHistoricHockettTrail5",36.49732,-118.11483,"H","E","SS",185,168636.9278,-167176.7618,2137.771972,864,943,24499.82031,26585.99609,2633.037597,2718.001464,-570.528991,-413.584533,1114.10728744939,1448.10829959514,2631.15754339119,2299.58401880141
185,5,"SSHistoricHorseCorralMeadow",36.74744,-118.75404,"H","W","SS",186,111095.929,-140324.9638,2312.607421,444,483,81843.67969,94326.22656,2174.498046,2206.454589,-1122.514648,-1009.308837,2236.62195121951,1915.64032421479,1544.66823529412,1683.45641025641
186,2,"SSHistoricHumeLake",36.787727,-118.913013,"H","W","SS",187,96870.58801,-136021.9111,1591.895996,884,939,83661.39063,95411.74219,2724.206787,2754.749755,-607.931152,-428.513641,2900.30769230769,2256.42510121458,1819.70810210877,1875.08183306056
187,4,"SSHistoricHumphreysBasin",37.2653,-118.7056,"H","W","SS",188,114628.9098,-82710.38753,3460.103759,22,67,96382.6875,92821.60156,1592.409667,1598.894165,-1343.724365,-1200.791015,2015.77912867275,1426.68218623482,1537.09422850412,1725.04921968788
188,3,"SSHistoricJackassMeadow",36.092861,-118.2262,"H","W","SS",189,159516.4968,-212306.5494,2364.476562,586,664,40738.21484,46352.61328,2311.33374,2396.364746,-818.458435,-684.683105,2976.56680161943,2239.11842105263,1845.99887514061,1852.04545454545
189,3,"SSHistoricJordanHotSprings",36.229654,-118.30169,"H","W","SS",190,152456.2621,-197233.1821,1984.489868,727,804,54138.6875,61985.625,2525.817382,2584.212646,-728.04364,-663.134765,3168.15329949239,1518.21985815603,1969.40457142857,1852.34125636672
190,1,"SSHistoricKearsargePass",36.7725,-118.3761,"H","E","SS",191,144743.9589,-137030.0298,3575.227539,-40,34,96073.38281,101209.4063,1373.733032,1484.880004,-1391.881958,-1261.535766,2973.19939271255,1622.74340770791,1776.05647840532,1852.34125636672
191,2,"SSHistoricKiavahMountainScodieMountains",35.682227,-118.085094,"H","E","SS",192,173125.6901,-257672.1191,2006.22998,1196,1226,28901.58789,30313.73242,3091.717529,3119.402832,41.437194,67.33393,3074.52887537994,1448.94105691057,1768.79314159292,1852.34125636672
192,3,"SSHistoricKingsRiverCanyon",36.7938,-118.581,"H","W","SS",193,126446.6695,-134955.9543,1532.922363,1024,1102,84300.97656,95607.01563,2849.366455,2891.563476,-462.255432,-394.630828,3161.61015228426,1506.06585612969,1823.89788732394,1852.34125636672
193,4,"SSHistoricLittleBrushMeadowOlanchaPeak",36.2541,-118.13,"H","W","SS",194,167813.1709,-194227.1813,3005.20996,207,279,48921.38672,49185.12891,1768.8125,1848.796875,-1141.203369,-1029.593261,3190.40812182741,1755.12462006079,1861.77895981087,1852.34125636672
194,9,"SSHistoricLittleCottonwoodCreek",36.47914,-118.128635,"H","W","SS",195,167442.0552,-169221.2588,2996.871582,267,338,39452.39063,41492.08594,1824.891967,1905.013183,-1119.529907,-996.875488,3168.23045685279,1666.57926829268,1917.05,1852.34125636672
195,3,"SSHistoricLittlePeteMeadow",37.101522,-118.5958,"H","W","SS",196,124621.3797,-100775.3632,2761.333251,353,393,57127.62891,60001.15625,2048.556396,2034.453002,-1174.856323,-1018.076293,2783.7261663286,1436.26985743381,1442.30264672037,1852.99663865546
196,3,"SSHistoricMcClureColbyMeadows",37.1713,-118.7024,"H","W","SS",197,115055.2801,-93154.53395,3292.531005,1,51,88545.69531,83934.01563,1510.383789,1510.41333,-1515.481201,-1356.397583,3045.02431610942,1347.15853658537,1832.44103773585,1874.25695581015
197,3,"SSHistoricMillCreek",35.530586,-118.622159,"H","W","SS",198,124819.1089,-275358.0051,764.568054,1592,1610,42117.00781,46108.82031,3551.54541,3548.456054,89.143295,106.519393,2356.82244897959,1120.88640973631,1397.26059654631,1790.93712212817
198,2,"SSHistoricMinkler",36.7166,-119.4641,"H","W","SS",199,47804.62565,-144347.5762,117.597549,1705,1775,29447.94141,32607.59961,3818.041748,3712.968017,174.470489,299.246154,2323.04795918367,1075.58417849899,1469.68841761827,1784.7118847539
199,1,"SSHistoricMitchellPeak",36.732308,-118.713693,"H","W","SS",200,114716.0299,-141958.6137,3127.824707,334,383,85755.16406,97265.8125,1658.787963,1710.451049,-962.916442,-847.949523,2980.53643724696,1368.91379310345,1828.28239202658,1898.00619195046
200,2,"SSHistoricMooseLake",36.600674,-118.637441,"H","W","SS",201,121726.1016,-156492.2018,3213.820068,235,269,121178.4922,138368.875,1657.978149,1699.320068,-1146.045043,-1054.213134,3179.44929006085,1513.61094224924,2002.83535911602,1852.99663865546
201,1,"SSHistoricMtGould",36.78039,-118.37854,"H","W","SS",202,144511.4987,-136156.9345,3939.965332,-155,-80,103556.4531,106927.1563,1220.898559,1332.225463,-1530.065429,-1400.952148,2245.58172588832,791.404665314402,1874.68984962406,1786.35903614458
202,3,"SSHistoricOlanchaPeakwestslope",36.259758,-118.123273,"H","W","SS",203,168404.3219,-193586.6425,3286.684082,94,165,50748.67188,50419.54297,1643.337158,1726.277221,-1270.998168,-1164.425415,2729.7847715736,1466.54740061162,1532.07450523865,1864.57520661157
203,7,"SSHistoricOnionValley",36.774383,-118.331046,"H","W","SS",204,148755.6567,-136751.036,2690.016357,436,510,54933.05859,60454.34766,2160.842041,2278.53125,-1109.465209,-946.376892,2437.68972533062,2270.5455465587,1548.35571260306,1659.83288043478
204,4,"SSHistoricOnyx",35.685739,-118.21827,"H","E","SS",205,161079.5332,-257516.7812,865.934692,1609,1656,30723.77344,31870.80078,3552.024414,3581.382812,-14.723078,47.917652,2491.89613034623,2215.53744939271,1501.91100702576,1741.97007481297
205,1,"SSHistoricPiutePassofftrapline",37.231039,-118.68916,"H","W","SS",206,116137.3445,-86498.4809,3600.783691,-47,-10,98607.88281,96506.125,1502.204956,1508.569824,-1409.535644,-1283.368286,2398.89205702648,1913.49341438703,1502.74065420561,1450.8997005988
206,4,"SSHistoricRedrocksMeadow",36.270108,-118.271385,"H","W","SS",207,155094.4464,-192689.4105,2661.955078,304,354,62414.53906,72298.0625,2086.180419,2142.761474,-1189.721313,-1120.528198,2381.66428571429,1887.42393509128,1503.7024504084,1412.92889561271
207,1,"SSHistoricRockCreek",36.496066,-118.326482,"H","W","SS",208,149708.3836,-167671.4385,2953.58789,164,229,56144.76172,54281.84375,1924.977783,1979.123291,-1352.718872,-1194.768432,1749.36105476673,1528.76393110436,2298.43979057592,1650.78091872792
208,2,"SSHistoricSirrettaMeadows",35.942,-118.328,"H","W","SS",209,150658.336,-229232.3434,2758.37207,517,569,69030.24219,78146.5625,2036.412597,2084.155761,-727.874267,-647.595275,1487.79837892604,1630.09127789047,2595.75668789809,1876.42354368932
209,5,"SSHistoricSmithMeadowTroutCreek",35.96474,-118.22947,"H","W","SS",210,159488.2949,-226545.0682,1860.368652,962,1008,30620.12109,33120.92969,2889.510009,2962.052001,-599.494506,-556.719604,1501.91894630192,1660.2799188641,2574.11055276382,1820.64277035237
210,4,"SSHistoricTaylorMeadow",35.830658,-118.29175,"H","W","SS",211,154147.2014,-241542.2964,2147.303222,814,850,69148.78906,78127.75781,2533.720947,2586.071533,-433.642456,-392.108795,1657.88438133874,1572.11246200608,2298.01919385797,1800.47762998791
211,4,"SSHistoricWalkerPass05westside",35.68775,-118.049302,"H","E","SS",212,176348.5304,-256992.7467,1395.433349,1382,1442,26892.125,28197.61914,3409.179687,3447.571533,-38.129978,-8.068165,3168.16345177665,1566.07411167513,1827.61150234742,1852.34125636672
212,2,"SSHistoricWalkerPass06westside",35.6692,-118.0371,"H","E","SS",213,177494.1214,-259030.1934,1526.797729,1385,1470,26017.14063,27308.17383,3389.075683,3423.984375,-55.912044,68.263031,1369.94939271255,1558.10638297872,2619.69576379974,1997.5809080326
213,3,"SSHistoricWalkerPass07FreemanCanyoneastside",35.6501,-118.0109,"H","E","SS",214,179907.3921,-261102.0765,1481.388427,1430,1517,25466.00586,26607.53906,3392.366943,3428.709228,16.540809,136.759429,1441.04352226721,1582.92907801418,2618.26810673443,1893.84800965018
214,3,"SSHistoricWeldonFayCreeknorth",35.7412,-118.31,"H","W","SS",215,152677.7099,-251508.4874,1261.483642,1404,1484,43960.67578,46158.26172,3258.651855,3304.17456,-8.634849,120.026718,1485.34549138804,1632.05273833671,2607.97062579821,1874.66383495146
215,5,"SSHistoricWeldonsouth",35.666083,-118.28948,"H","W","SS",216,154681.8552,-259818.5072,809.354003,1638,1699,27610.77734,27742.65234,3648.685058,3679.276367,-81.097114,-8.889328,1473.26139817629,1647.9645030426,2630.91440217391,1802.51753325272
216,4,"SSHistoricWhitneyMeadow",36.434131,-118.2671,"H","W","SS",217,155145.7156,-174457.9074,2968.678466,157,243,50025.86719,48526.01172,1999.484497,2060.280761,-1447.557983,-1311.733276,1501.91894630192,1660.2799188641,2574.11055276382,1820.64277035237
217,3,"SSModernAsterLake",36.60162,-118.6779,"M","W","SS",218,118110.4461,-156438.2485,2780.194335,411,438,115184.3594,128611.8047,1844.68103,1876.766723,-929.573608,-841.858215,1533.14690982776,1597.81762917933,2568.53156565657,1762.02895054282
218,2,"SSModernBakersfield",35.513862,-118.870948,"M","W","SS",219,102304.735,-277513.4596,269.607086,1940,1933,22574.41797,24032,3765.643554,3716.187988,461.77893,469.984771,1557.45592705167,1517.86220871327,2493.8625,1842.33131067961
219,2,"SSModernBakersfieldJackrabbitFlat",35.49501,-119.057261,"M","W","SS",220,85444.31523,-279791.7701,238.418167,1858,1875,19595.5957,20943.36328,3751.273925,3649.216796,338.520568,406.184631,1668.94421906694,1567.76291793313,2460.12331838565,1691.5663507109
220,2,"SSModernBodfish0102",35.599554,-118.496725,"M","W","SS",221,136059.7385,-267525.475,724.749633,1645,1687,27487.04297,28438.16406,3612.890625,3628.577148,-0.266604,60.853038,373.251419302514,1666.11310008137,159.176136363636,770.561943319838
221,1,"SSModernBodfish03ErskineCr",35.587765,-118.440047,"M","W","SS",222,141210.6489,-268751.9522,932.073364,1439,1470,32719.11133,34359.16406,3302.20288,3318.513427,23.14204,4.536061,1872.09450726979,1800.36696501221,2019.98296836983,1705.74025974026
222,1,"SSModernBodfish04SandyFlatCampground",35.587765,-118.440047,"M","W","SS",222,141210.6489,-268751.9522,932.073364,1439,1470,32719.11133,34359.16406,3302.20288,3318.513427,23.14204,4.536061,1920.2748585287,628.506072874494,1848.72727272727,1759.84801940178
223,7,"SSModernBroderMonacheMeadow",36.166048,-118.191906,"M","W","SS",224,162445.057,-204117.5358,2402.62622,514,564,49455.29297,57110.53125,2322.627197,2402.97705,-1012.962524,-932.088378,214.734627831715,878.507281553398,159.752435064935,501.896356275304
224,4,"SSModernBullfrogLake",36.770114,-118.404074,"M","W","SS",225,142255.2581,-137337.5271,3237.175048,88,154,86487.78906,89185.92969,1586.434448,1695.813842,-1323.28479,-1196.179321,1727.59481361426,1646.8008097166,1563.87469684721,1769.80113177041
225,2,"SSModernCannellMeadow",35.833444,-118.370749,"M","W","SS",226,147014.0285,-241358.2978,2278.330566,719,793,74731.59375,85051.08594,2354.548828,2413.725097,-505.518371,-372.174591,1701.25,1676.09748172218,1526.80616382806,1769.80113177041
226,2,"SSModernCarrollCreek",36.510223,-118.102954,"M","E","SS",227,169670.45,-165721.8805,1716.338134,1196,1298,19798.12109,21439.98828,3041.571044,3124.109619,-294.749603,-114.807815,1692.46022727273,1263.22664500406,1509.24655312247,1769.80113177041
227,1,"SSModernCottonwoodLakes",36.49873,-118.20772,"M","W","SS",228,160325.6093,-167181.2431,3397.723876,23,98,51009.94922,52523.90234,1573.572265,1663.590332,-1388.387451,-1251.370483,1688.56447688564,1571.41544715447,1522.63798701299,1770.86822958771
228,6,"SSModernCrabtreeMeadowWhitneyCreek",36.552653,-118.357678,"M","W","SS",229,146809.0432,-161432.3208,3151.039794,160,196,58428.49609,58767.51953,1873.948974,1928.622192,-1321.370849,-1211.306762,1824.10177705977,1704.91012145749,1575.92239288601,1770.86822958771
229,3,"SSModernDunlapMillCreek",36.730162,-119.11864,"M","W","SS",230,78605.71188,-142609.9717,576.617309,1600,1675,60865.20703,67827.99219,3504.255615,3522.225585,117.004821,269.165893,1873.59935379645,1556.97974068071,1821.13430420712,1747.61893203884
230,1,"SSModernEvolutionValley1",37.2099,-118.689,"M","W","SS",231,116184.0109,-88847.86349,3640.232666,-181,-141,106140.0703,102160.8516,1285.423461,1297.103271,-1545.199096,-1401.058227,1838.99111470113,1314.80825242718,1654.44191714054,1769.80113177041
231,1,"SSModernEvolutionValley2",37.1717,-118.716,"M","W","SS",232,113848.8824,-93126.49238,3012.147949,151,191,81481.74219,76976.17969,1713.466674,1710.755859,-1354.587036,-1205.911865,2132.49392712551,1855.22945484133,2141.5983805668,1768.07275666936
232,1,"SSModernEvolutionValley3",37.188599,-118.702,"M","W","SS",233,115064.4189,-91231.29439,3440.89624,-127,-81,91155.74219,86409.78906,1422.246337,1434.623413,-1513.269531,-1367.453735,965.016246953696,573.22859450727,1136.84991843393,1041.60308441558
233,2,"SSModernEvolutionValley4",37.1623,-118.691,"M","W","SS",234,116079.8308,-94140.96886,3310.082763,-44,10,93885.90625,88836.16406,1462.668212,1462.426025,-1540.627563,-1359.620117,532.195458231955,686.353896103896,384.017842660178,824.616693679092
234,2,"SSModernEvolutionValley5",37.0991,-118.597,"M","W","SS",235,124518.8735,-101046.1319,2703.30371,404,442,55902.3125,57644.24219,2098.570312,2085.509521,-1126.425048,-969.470764,1866.30290791599,1058.64239482201,1852.87175324675,1791.7915993538
235,2,"SSModernEvolutionValley6",37.1027,-118.556,"M","W","SS",236,128151.2951,-100591.3795,3452.817871,13,50,96433.77344,107105.3203,1427.791503,1439.161376,-1294.031982,-1166.09729,1583.73987034036,1417.81965881397,1660.01383238405,1604.35691056911
236,6,"SSModernHorseCorralMeadow",36.746714,-118.766445,"M","W","SS",237,109990.962,-140420.1122,2281.410156,472,506,83773.3125,97189.02344,2226.397216,2257.682861,-1080.952514,-979.955078,1648.42037186742,1423.56620633631,1706.24230145867,1655.06720647773
237,3,"SSModernHumeLake",36.791984,-118.904039,"M","W","SS",238,97664.82265,-135539.583,1586.465087,892,946,82881.53906,94450.78125,2732.150878,2762.713134,-608.465393,-427.126678,1693.75931928687,1490.87030995106,1753.67313915858,1696.9520714866
238,7,"SSModernJackassMeadow",36.09292,-118.226927,"M","W","SS",239,159451.0037,-212301.2178,2361.10913,586,664,40738.21484,46352.61328,2311.33374,2396.364746,-818.458435,-684.683105,1805.12783171521,1660.14865962632,1641.98864557989,1765.63136620857
239,1,"SSModernKelsoCreekRoadsalvage",35.63622,-118.24572,"M","W","SS",240,158699.9632,-263062.9496,861.411926,1589,1636,31116.56055,32642.92383,3547.89746,3574.032958,-57.348133,-16.534339,1689.85563665856,1576.38455284553,1536.30819140308,1770.86822958771
240,5,"SSModernKingsRiverCanyon",36.791109,-118.600285,"M","W","SS",241,124732.7456,-135280.5642,1513.96936,996,1071,89528.52344,100938.8438,2821.147216,2861.868896,-494.701446,-403.18457,1428.76451349141,1641.71266233766,1242.34530612245,1747.428802589
241,3,"SSModernLittleBrushMeadowOlanchaPeak",36.253244,-118.134183,"M","W","SS",242,167439.7128,-194329.6797,2921.601806,325,388,46703,47273.20313,1889.250488,1972.239013,-1021.812377,-931.281921,185.65658217498,1718.14308811641,159.458164094232,485.71012145749
242,2,"SSModernLittleCottonwoodCreek0102",36.475353,-118.120386,"M","W","SS",243,168188.3837,-169627.44,2876.071289,355,425,37290.86719,39474.01953,1918.918334,1998.828613,-1026.648559,-903.624145,344.821717990276,810.752627324171,192.038430089943,660.821052631579
243,1,"SSModernLittleCottonwoodCreek03upcreekmeadow",36.479157,-118.128614,"M","W","SS",244,167443.8967,-169219.3328,2996.871582,267,338,39452.39063,41492.08594,1824.891967,1905.013183,-1119.529907,-996.875488,192.261400651466,1724.50891410049,159.458164094232,526.192868719611
244,1,"SSModernLittleCottonwoodCreekcamp",36.45175,-118.17046,"M","W","SS",245,163758.9574,-172337.6792,3071.753906,253,318,44166.60547,43475.47656,1842.070312,1922.470092,-1198.555908,-1075.176635,185.65658217498,1722.27773279352,159.458164094232,520.465964343598
245,2,"SSModernMillCreek",35.535328,-118.61732,"M","W","SS",246,125249.7592,-274824.9581,741.362426,1682,1697,39224.24609,42424.83203,3646.935546,3645.92456,119.994926,127.458198,185.65658217498,1745.97400487409,159.458164094232,519.911669367909
246,3,"SSModernMinkler010203",36.750489,-119.440385,"M","W","SS",247,49897.80052,-140568.8306,133.22293,1717,1787,31421.41406,34961.1875,3856.254394,3763.78833,183.00418,319.28601,235.645917542441,747.871857258719,159.458164094232,608.636437246964
247,1,"SSModernMinkler04JesseMorrowMt",36.712887,-119.416629,"M","W","SS",248,52041.63409,-144735.2509,134.738555,1710,1777,35249.57422,39160.50781,3829.277832,3735.127441,189.772201,294.117706,1694.38911454102,1675.25182778229,1622.69829683698,1750.2748585287
248,1,"SSModernMooseLake",36.603901,-118.641,"M","W","SS",249,121403.0374,-156138.1547,3268.674804,189,217,126916.7813,144539.6094,1620.989624,1658.500488,-1192.814697,-1111.913208,1867.55573505654,1549.64792176039,1519.50324675325,1770.86822958771
249,1,"SSModernOlanchaCreek",36.27383,-118.02917,"M","E","SS",250,176814.7172,-191851.9103,1220.9104,1474,1544,16225.2998,16941.6875,3502.062255,3589.343994,-269.053924,-214.993957,1066.03896103896,862.603406326034,1244.95179738562,1122.36496350365
250,2,"SSModernOnionValley",36.77509,-118.334185,"M","W","SS",251,148474.5246,-136677.3881,2754.865234,360,437,59959.46094,66457.1875,2049.855468,2164.07666,-1153.149047,-1001.769958,1970.14955537591,1855.22945484133,2033.12094155844,1833.29102667745
251,2,"SSModernOnyx0103CanebrakeER",35.728478,-118.171663,"M","E","SS",252,165200.998,-252689.628,864.857116,1634,1691,28934.52344,30362.70898,3678.806152,3736.395996,-80.963943,-26.112857,2103.74008097166,1855.22945484133,2136.91417004049,1840.83037156704
252,2,"SSModernOnyx0204ScodieCanyon",35.67941,-118.214406,"M","E","SS",253,161442.0599,-258213.1532,895.828613,1578,1617,32181.76367,33775.4375,3505.464599,3535.22998,-35.749813,3.576188,1814.38996763754,1464.6832247557,1753.21035598705,1748.90056588521
253,3,"SSModernRockyBasinLakes",36.444488,-118.318132,"M","W","SS",254,150556.9476,-173389.3715,3292.232421,121,170,58431.90234,58222.81641,1744.16333,1798.970703,-1313.842773,-1198.068359,1817.61003236246,1564.09283387622,1533.20519059205,1770.86822958771
254,8,"SSModernSirrettaMeadows",35.944708,-118.327436,"M","W","SS",255,150703.843,-228930.6228,2755.8479,521,572,67736.60938,76812.67188,2051.300537,2098.160156,-743.499206,-668.757568,1786.5036437247,1647.07311129163,1623.36901865369,1768.07275666936
255,5,"SSModernSmithMeadowTroutCreek",35.965359,-118.226692,"M","W","SS",256,159737.2182,-226471.6289,1855.632324,962,1008,30620.12109,33120.92969,2889.510009,2962.052001,-599.494506,-556.719604,1550.68775344688,1462.45195439739,1701.37894736842,1627.44715447154
256,7,"SSModernTaylorMeadow",35.830001,-118.295724,"M","W","SS",257,153789.9532,-241621.7291,2169.803466,814,850,69148.78906,78127.75781,2533.720947,2586.071533,-433.642456,-392.108795,1583.73987034036,1419.28025995126,1658.55492270138,1604.26932465419
257,2,"SSModernWalkerPass01FreemanCanyoneastside",35.65561,-118.013813,"M","E","SS",258,179631.1395,-260495.6578,1506.406127,1422,1516,25895.05469,27108.45117,3395.660888,3430.004882,-1.499393,123.392677,1872.09450726979,1800.36696501221,2019.98296836983,1705.74025974026
258,1,"SSModernWalkerPass02eastside",35.663848,-118.026011,"M","E","SS",259,178509.0647,-259603.7765,1624.62268,1372,1447,26294.21875,27656.75586,3360.282714,3393.189697,-23.067138,79.420387,1920.2748585287,628.506072874494,1848.72727272727,1759.84801940178
259,2,"SSModernWalkerPass03westside",35.666378,-118.040982,"M","E","SS",260,177149.6231,-259350.8709,1511.959716,1396,1486,26008.10938,27277.90234,3389.108398,3424.230224,-16.560758,92.202621,190.986156351792,1718.18982229402,159.458164094232,485.71012145749
260,1,"SSModernWalkerPass04westside",35.725013,-118.075586,"M","E","SS",261,173888.7101,-252902.667,1226.395507,1502,1547,31422.94531,33227.32813,3530.671142,3571.281005,-14.175424,22.875314,1801.15533980583,1548.73349633252,1525.39334955393,1770.86822958771
261,7,"SSModernWeldon01050709FRRFayCreeknorth",35.716316,-118.305222,"M","W","SS",262,153158.7268,-254264.7074,1041.318847,1469,1513,37195.20703,38396.40625,3400.718017,3441.51416,-14.5167,-0.739558,213.093851132686,907.596434359805,159.571080422421,470.290688259109
262,4,"SSModernWeldon02030608south",35.678534,-118.295301,"M","W","SS",263,154130.6564,-258445.0785,809.834655,1632,1692,27952.30273,28087.35156,3655.131591,3687.369384,-67.167213,-24.872812,1693.75931928687,1589.51015434606,1532.38087520259,1770.86822958771
263,7,"SSModernWhitneyMeadow",36.431487,-118.274824,"M","W","SS",264,154459.6175,-174764.3029,2956.859619,157,243,50025.86719,48526.01172,1999.484497,2060.280761,-1447.557983,-1311.733276,1869.22374798061,1680.32064777328,1709.74089068826,1768.07275666936
0,2,"AspenValley1",37.827725,-119.771211,"H","W","YO",1,20111.65974,-20946.86892,1877.717895,825,872,105295.2422,118258.5859,2545.194335,2508.554443,-637.016296,-456.249237,1877.79967689822,1596.585089141,1825.28074433657,1748.00889967638
1,1,"AV1",37.82534,-119.77221,"M","W","YO",2,20024.48494,-21212.21261,1871.608154,825,872,105295.2422,118258.5859,2545.194335,2508.554443,-637.016296,-456.249237,1693.75931928687,856.021827000808,1541.57258718573,1769.80113177041
2,1,"BC1",37.90028,-119.12977,"M","E","YO",3,76419.22772,-12554.70008,2199.141113,662,766,44572.57031,45573.78125,2701.408203,2718.365478,-1032.164794,-827.06903,1701.25,1203.35987002437,1536.6204379562,1768.94098625707
3,2,"Ca1",37.72315,-119.712003,"M","W","YO",4,25351.33693,-32557.89204,1044.115356,1188,1246,88373.69531,98367.64063,3076.51831,3025.791503,-311.78598,-87.101142,1692.31331168831,1175.34606011373,1592.36510500808,1767.12449474535
4,2,"Cascade1",37.725765,-119.710935,"H","W","YO",5,25444.4583,-32266.90682,1101.10083,1188,1246,88373.69531,98367.64063,3076.51831,3025.791503,-311.78598,-87.101142,1700.2987012987,1676.62956945573,1519.04951298701,1769.80113177041
5,3,"CascadeCreek1",37.738698,-119.702903,"H","W","YO",6,26146.9225,-30827.01117,1817.400512,917,998,94776.00781,106845.1484,2610.909423,2576.416992,-472.654724,-250.170059,2132.49392712551,1855.22945484133,2141.5983805668,1768.07275666936
6,1,"CF1",37.75331,-119.8089,"M","W","YO",7,16815.47997,-29226.66484,1955.519165,910,983,94595.10156,107195.7969,2407.164062,2380.87622,-326.280029,-134.13533,293.901214574899,812.060630557801,159.528025995126,552.171659919028
7,8,"CF2",37.752878,-119.797693,"M","W","YO",8,17801.65334,-29272.64284,1879.041259,905,978,94124.69531,107080.9688,2396.705566,2369.453857,-342.316162,-144.670043,1714.07299270073,1604.72977346278,1563.06467259499,1770.86822958771
8,8,"CF3",37.75775,-119.7699,"M","W","YO",9,20245.77597,-28725.46365,2096.169189,796,865,94345.92188,108226.4922,2342.508789,2310.65332,-511.919982,-312.848968,263.793047696039,1624.58190709046,159.458164094232,653.014574898785
9,3,"Ch1",37.685987,-119.724393,"M","W","YO",10,24272.7514,-36692.39383,1095.878662,1305,1351,89972.71875,99329.64063,3212.302001,3176.473144,-190.678009,43.678108,2021.95954692557,1855.22945484133,2091.97327935223,1841.91357027464
10,5,"Chinquapin1",37.652364,-119.702601,"H","W","YO",11,26203.60567,-40424.3167,1844.728759,954,1003,101955.6094,114312.7422,2596.1333,2549.814208,-393.493682,-203.18666,965.016246953696,573.22859450727,1136.84991843393,1041.60308441558
11,2,"Coulterville1",37.710817,-120.214514,"H","W","YO",12,-18884.03749,-33946.04832,472.378631,1525,1561,63511.00391,70026.01563,3505.365234,3488.026123,99.85366,186.296844,1852.72940226171,1051.97734627832,1846.75811688312,1791.70516962843
12,2,"Coulterville2",37.73845,-120.14187,"H","W","YO",13,-12484.08773,-30886.20681,975.230102,1242,1292,93764.67969,99905.72656,3342.116699,3357.48291,-272.218994,-134.232437,1694.38911454102,1580.54308943089,1533.90186536902,1770.86822958771
13,1,"Coulterville3",37.753536,-120.1058,"H","W","YO",14,-9307.890755,-29213.29407,903.797424,1184,1273,92862.47656,98278.75781,3196.911865,3229.002685,-301.83197,-109.171661,1688.56447688564,1580.35853658537,1534.05920519059,1770.86822958771
14,3,"CPV1",37.640553,-120.21173,"M","W","YO",15,-18656.38633,-41757.56375,724.221191,1551,1600,64512.875,71439.51563,3515.935302,3488.63623,99.215675,247.492614,224.089733225546,877.173948220065,159.458164094232,536.149108589951
15,1,"CPV2",37.65594,-120.22132,"M","W","YO",16,-19497.45676,-40045.12668,545.45819,1572,1620,56888.89453,63488.83594,3576.122314,3550.753906,140.722,236.591186,1434.08578431373,1663.85134037368,1249.4272875817,1749.3503236246
16,1,"CPV3",37.614215,-120.18232,"M","W","YO",17,-16070.4291,-44690.83048,855.190429,1506,1539,68845.59375,76172.98438,3482.460937,3469.10791,45.898426,188.105468,1867.23344103393,779.065640194489,1780.42186234818,1759.07922392886
17,4,"CPV4",37.723813,-120.263753,"M","W","YO",18,-23214.86169,-32490.40068,552.27478,1474,1514,69239.03906,76191.6875,3437.718505,3409.812011,25.947673,125.629547,398.679643146796,1668.66314076485,155.523925385239,781.621862348178
18,1,"CPV5",37.73883,-120.24826,"M","W","YO",19,-21846.7732,-30824.70043,691.36383,1431,1476,73569.0625,80410.53125,3416.85083,3403.301269,-33.192054,105.703544,185.65658217498,1725.31792376318,159.458164094232,521.624797406807
19,1,"CPV6",37.70881,-120.22121,"M","W","YO",20,-19474.05269,-34167.80419,420.264678,1539,1574,62391.44922,68982.42969,3520.224121,3501.098144,120.889427,191.227981,232.360549717057,1600.99265905383,159.458164094232,591.263371150729
20,1,"CPV7",37.68405,-120.12141,"M","W","YO",21,-10691.25799,-36936.15693,898.58551,1358,1423,82785.42969,89630.6875,3334.283691,3342.821289,-86.521667,103.633239,1845.96526655897,1658.96359223301,1629.14598540146,1770.86822958771
21,1,"CPV8",37.71951,-120.17941,"M","W","YO",22,-15791.76234,-32986.10002,569.235534,1467,1518,71066.35156,77529.89063,3470.22583,3461.554443,35.960357,150.412948,1693.75931928687,1490.87030995106,1753.67313915858,1696.9520714866
22,2,"CPV9",37.73636,-120.166455,"M","W","YO",23,-14648.08748,-31115.02663,893.96466,1261,1314,88351.99219,94611.4375,3357.386962,3367.619873,-238.933197,-97.706687,1770.4987854251,1574.72756669361,1853.59902597403,1659.75752644426
23,1,"CraneFlat1",37.755589,-119.79805,"H","W","YO",24,17769.59983,-28971.33765,1888.713012,905,978,94124.69531,107080.9688,2396.705566,2369.453857,-342.316162,-144.670043,1737.59627831715,1638.6387987013,1584.86106623586,1768.94098625707
24,1,"DD1",37.90828,-119.3475,"M","W","YO",25,57293.78672,-11818.92875,2960.948974,269,308,90332.74219,97864.17188,2074.735351,2073.061035,-1277.165405,-1129.5802,2103.74008097166,1855.22945484133,2136.91417004049,1840.83037156704
25,1,"DeM1",37.89922,-119.3477,"M","W","YO",26,57283.15555,-12826.19792,2865.740722,280,325,85210.375,91634.44531,2118.871826,2116.027587,-1299.520996,-1144.626831,578.740470397405,690.38342810723,476.722491909385,839.316045380875
26,3,"DL1",38.172967,-119.594753,"M","W","YO",27,35458.17795,17483.98356,2863.664062,204,262,142809.6406,167365.6094,1914.298706,1900.536987,-1223.787109,-1067.868286,1845.96526655897,1366.95623987034,1845.00081037277,1833.29102667745
27,2,"DryCreek1",37.934652,-118.935186,"H","E","YO",28,93462.79801,-8559.538261,2069.774169,714,821,35528.92969,37235.55859,2845.821044,2865.792968,-1075.453735,-850.278015,1731.60809716599,1299.4788961039,1717.50769230769,1833.42603071948
28,2,"ElPortal1",37.67989,-119.783175,"H","W","YO",29,19097.61283,-37383.61693,843.344055,1434,1494,83690.375,92240.01563,3412.660644,3382.577148,-71.095497,138.318679,2819.48830935252,2814.5497523638,3135.71524966262,2744.62213225371
29,6,"ElPortal2",37.673726,-119.793537,"H","W","YO",30,18186.4915,-38070.88133,586.635559,1490,1556,79792.77344,87940.63281,3512.336914,3470.39746,-37.708454,159.383911,210.732400722022,654.023455119531,546.647111913357,479.078351449275
30,1,"ElPortal3",37.688188,-119.764217,"H","W","YO",31,20765.00811,-36457.17632,1202.030395,1272,1317,87408.75781,96466.98438,3175.4104,3138.134765,-196.81665,19.502685,857.444194419442,561.527051397656,321.777426636569,1218.03692030617
31,2,"F1",37.70369,-119.740075,"M","W","YO",32,22886.30762,-34728.32369,1340.642944,1112,1157,89585.92188,99743.27344,2962.934326,2924.101562,-341.214508,-120.847442,2631.71762589928,1724.23730337079,2445.72694556905,2885.12359550562
32,1,"FD1",37.87649,-119.41609,"M","W","YO",33,51293.0987,-15392.12852,2553.576416,364,403,85467.66406,95546.05469,2158.646484,2152.172607,-1218.135375,-1065.963134,3221.59217625899,1953.43480215827,3205.82014388489,3387.64144144144
33,1,"FM1",37.56624,-119.86851,"M","W","YO",34,11599.41086,-50031.40556,1267.764282,1273,1316,97234.53125,106585.7031,3165.615478,3124.729248,-157.381622,73.699043,3479.26261261261,2297.57207207207,3470.04187303017,3491.99144914491
34,2,"FM2",37.579037,-119.88213,"M","W","YO",35,10396.2695,-48610.4036,1154.251586,1226,1283,96551.9375,105726.7266,3170.468261,3133.410644,-274.519378,-21.988712,2278.200270027,1826.28115159694,2337.55465587045,2049.29792979298
35,1,"FM3",37.54498,-119.83822,"M","W","YO",36,14275.21812,-52390.64124,1122.154663,1315,1309,95427.57031,104133.4375,3251.941162,3204.319824,-136.533828,14.699431,1744.38631247186,548.309674502712,1690.85791366906,1895.93369418133
36,10,"GA1",37.9117,-119.42495,"M","W","YO",37,50491.08489,-11482.77051,2371.779541,349,403,86457.14844,97418.66406,2155.159423,2149.37915,-1279.970581,-1120.037719,3518.75855855856,1516.07149280576,3416.61306306306,3496.15481548155
37,3,"GemLake1",37.75857,-119.1594,"H","E","YO",38,73957.05133,-28331.01197,2773.482421,417,444,85888.35938,73719.72656,2095.282958,2057.943603,-1045.639648,-850.322937,3520.77117117117,1517.69438202247,3415.31486486486,3497.26687668767
38,3,"GlenAulin1",37.91206,-119.42135,"H","W","YO",39,50806.92026,-11440.82799,2386.251464,349,403,86457.14844,97418.66406,2155.159423,2149.37915,-1279.970581,-1120.037719,3292.2465137202,1583.48741007194,3027.02607913669,3481.8298829883
39,1,"GlenAulin2",37.928858,-119.461163,"H","W","YO",40,47300.74262,-9594.077914,1970.915893,594,658,94637.92188,109914.8203,2442.889648,2433.516113,-1030.613037,-838.581298,2985.02921348315,1609.44154676259,2784.02741573034,3235.68738738739
40,1,"GM1",38.16254,-119.60461,"M","W","YO",41,34600.57971,16321.22991,2744.548828,200,265,139319.2656,162147.7969,1858.423095,1847.792114,-1271.871459,-1097.361694,1054.49819981998,1624.95546558704,998.736367733213,1151.3802880288
41,2,"HappyIsles1",37.7316,-119.561,"H","W","YO",42,38638.5657,-31567.5837,1229.779174,1115,1195,86798.86719,97426.11719,3147.343017,3107.548095,-486.125793,-273.356201,3527.38423423423,2455.14362899595,3516.56325979289,3459.05763169743
42,2,"HG1",37.76525,-119.86233,"M","W","YO",43,12112.40132,-27907.48735,1683.599853,1034,1120,106599.0938,118400.2578,2605.692382,2576.558593,-212.4505,4.051954,3557.37775776677,2311.27702702703,3528.76316974336,3497.26687668767
43,1,"HM1",37.79611,-119.86781,"M","W","YO",44,11625.52506,-24477.57045,1423.928588,1032,1075,101904.8594,113132.0156,2870.281494,2845.236816,-399.851837,-205.642257,3286.46018893387,1809.71704903284,3277.53552158273,3296.0545045045
44,2,"IC1",37.77716,-119.566745,"M","W","YO",45,38109.79311,-26505.20927,2223.218017,660,731,109548.4922,127374.1953,2348.141113,2312.527099,-812.98529,-594.428161,2801.94019784173,1248.69064748201,2837.96898876404,2881.99101123595
45,1,"IndianCanyon1",37.77432,-119.56902,"H","W","YO",46,37911.12301,-26821.83163,2195.465087,660,731,109548.4922,127374.1953,2348.141113,2312.527099,-812.98529,-594.428161,1768.80521817364,532.558265582656,1715.00269784173,1898.32701849346
46,1,"JR1",37.88358,-119.3634,"M","W","YO",47,55916.14806,-14574.18092,2684.932128,227,290,74012.39063,78900.59375,2129.394042,2123.187011,-1426.384765,-1250.053588,3146.43415730337,1514.55146067416,3162.62095323741,3209.08055805581
47,7,"KM1",38.122007,-119.48195,"M","W","YO",48,45358.73357,11867.12551,2867.497558,195,243,123721.9766,146102.2188,1891.305908,1892.889648,-1324.286376,-1173.828247,2111.61690647482,538.821911632101,2061.42176258993,2233.41036036036
48,3,"LaGrange1",37.6661,-120.469857,"H","W","YO",49,-41388.16829,-38835.8786,52.148532,1587,1676,32244.25977,37442.61719,3523.817871,3484.580078,189.601638,317.582977,2111.61690647482,538.821911632101,2061.42176258993,2233.41036036036
121,6,"LC1",37.779085,-119.26102,"M","W","YO",122,64998.94942,-26124.97422,2934.682617,193,246,93201.42188,81970.78125,2046.084716,2028.053344,-1422.824462,-1253.752441,2744.61673414305,2051.78642086331,2624.87365107914,3124.11685393258
122,12,"LC2",37.769127,-119.256857,"M","W","YO",123,65373.78031,-27229.07657,3093.500488,171,220,99723.08594,88826.21094,1875.116699,1856.120605,-1333.877197,-1153.829223,2078.1910971223,2094.47526978417,1950.32147681225,2275.17305092384
123,10,"LC3",37.761643,-119.25687,"M","W","YO",124,65379.1579,-28061.03165,3207.703857,89,169,102022.9219,91712.85938,1805.131958,1786.935913,-1432.979736,-1184.516479,3517.65585585586,2452.5920756416,3414.58333333333,3491.99144914491
124,1,"LG1",37.6248,-120.56688,"M","W","YO",125,-49962.19873,-43380.22409,75.954933,1582,1687,33612.93359,38703.55078,3537.222656,3497.055175,184.851943,330.962738,2536.9002247191,1371.54001798561,2458.91591726619,2585.63501350135
125,2,"LG2",37.621805,-120.525885,"M","W","YO",126,-46350.89128,-43733.98334,62.527622,1583,1684,33691.94531,38715.125,3541.737548,3499.999023,183.676223,326.012573,2322.52228725799,1507.35836330935,2191.2555105713,2441.7847816299
126,7,"LG3",37.667473,-120.467947,"M","W","YO",127,-41219.16607,-38684.08142,61.717998,1587,1676,32244.25977,37442.61719,3523.817871,3484.580078,189.601638,317.582977,3554.94056731202,2434.23367852319,3527.83656010806,3497.26687668767
127,1,"LM1",37.8827,-119.34655,"M","W","YO",128,57396.79929,-14661.93632,2814.569824,229,292,75305.5,79880.82813,2146.518798,2142.17871,-1433.594726,-1256.304687,1574.80640794224,629.352861649392,1465.23918918919,1203.38658865887
128,10,"LyellCanyon1",37.773896,-119.260877,"H","W","YO",129,65016.02392,-26701.70292,2989.059326,201,247,95869.15625,84681.45313,1950.229003,1931.251586,-1343.833984,-1158.009399,1864.46603688709,2102.51393884892,1798.763619991,2041.16561656166
129,4,"LyellCanyon2",37.764088,-119.25208,"H","W","YO",130,65798.41279,-27785.92377,3282.375732,88,179,99849.28125,87861.55469,1774.356201,1761.84729,-1389.645996,-1167.071655,3199.24505395683,1727.65662921348,3188.25449640288,3166.9379217274
130,3,"MD1",37.75542,-120.08468,"M","W","YO",131,-7449.419691,-29005.7228,867.86444,1164,1276,90329.5625,95565.10156,3184.138916,3224.642578,-321.815032,-91.393218,3072.56808988764,1287.73830935252,3103.85881294964,3118.7806741573
131,1,"MD2",37.74401,-120.03202,"M","W","YO",132,-2816.571086,-30276.98554,725.809326,1293,1384,85288.17969,91110.00781,3260.775634,3290.715576,-181.796356,29.659833,2901.92850719424,1540.36870503597,2782.19505617978,3239.04459459459
132,4,"MercedGrove1",37.748726,-119.83866,"H","W","YO",133,14197.8514,-29741.11915,1625.980346,1047,1129,97710.69531,108779.2422,2548.93164,2523.328857,-157.574707,37.955879,3535.75,2148.52340234023,3481.60333183251,3497.26687668767
133,3,"MercedLake1",37.728064,-119.391793,"H","W","YO",134,53533.22278,-31878.41357,2221.834472,480,529,93077.90625,107857,2393.279785,2376.382812,-1141.077636,-961.436523,1023.30693069307,1502.97347122302,633.468651330627,1184.84878487849
134,1,"MF1",37.84097,-119.49964,"M","W","YO",135,43974.79171,-19382.68985,2938.074462,225,298,133588.3438,160941.2813,1885.226196,1846.341552,-1300.918212,-1109.767333,584.887184115523,669.162162162162,552.163660955816,693.292307692308
135,3,"MG1",37.748264,-119.839376,"M","W","YO",136,14134.9358,-29792.58504,1643.930175,1047,1129,97710.69531,108779.2422,2548.93164,2523.328857,-157.574707,37.955879,2937.74235611511,2117.93294329433,3339.94601889339,2812.92895683453
136,1,"MG2",37.76208,-119.84264,"M","W","YO",137,13845.17726,-28257.19008,1811.206909,978,1061,100465.4766,112088.2422,2488.095947,2464.378173,-239.033691,-33.528793,3144.07370786517,2870.15256525653,3340.2905982906,3177.94736842105
137,4,"ML1",37.729643,-119.392858,"M","W","YO",138,53438.36268,-31703.486,2220.732177,480,529,93077.90625,107857,2393.279785,2376.382812,-1141.077636,-961.436523,3557.37775776677,2596.45438202247,3529.23592976137,3497.26687668767
138,8,"ML2",37.739707,-119.40517,"M","W","YO",139,52347.72463,-30591.5967,2221.366455,481,541,98144.79688,114109.2344,2381.375488,2357.82788,-1136.947143,-904.762329,3411.7454954955,1609.52314606742,3353.94011706439,3423.26756756757
139,1,"MMe1",37.69924,-119.58647,"M","W","YO",140,36412.59576,-35174.97557,2372.22705,614,675,108142.7109,123511.8438,2300.973144,2265.903076,-866.290161,-661.98352,2758.90823211876,1511.83273381295,2638.93435251799,3099.51101123596
140,3,"MMe2",37.666717,-119.594443,"M","W","YO",141,35726.04032,-38793.43611,2197.631347,701,791,93877.30469,108049.6641,2397.054687,2368.425537,-759.744506,-486.771453,992.250787933363,707.958126969833,628.45036101083,1234.29491220171
141,5,"MMe3",37.667798,-119.623188,"M","W","YO",142,33193.47243,-38683.71412,2122.725097,713,787,92628.36719,106895.3984,2432.26123,2403.290039,-738.320373,-493.126678,3556.07789284106,2510.74122412241,3487.41062584421,3497.26687668767
142,1,"MMi1",37.88811,-118.96021,"M","E","YO",143,91323.20439,-13757.53547,2239.271972,619,701,38199.94141,39898.10938,2688.100341,2699.957275,-1031.619995,-883.160827,2993.90112359551,1611.15384615385,2728.06429856115,3265.7518018018
143,4,"MoMe1",37.666373,-119.672113,"M","W","YO",144,28884.36879,-38858.14177,2237.446044,732,784,98006.80469,112573.8906,2383.751464,2352.978759,-657.117675,-457.39685,3284.25775978408,1517.96807553957,2952.31339928058,3493.75832583258
144,1,"MonoCraters2",37.90167,-118.9914,"H","E","YO",145,88567.93586,-12279.79,2167.438476,658,752,38673.89453,40395.68359,2733.632324,2748.060058,-1041.456054,-862.25592,2631.71762589928,1754.38236617184,2799.64988764045,2441.07158937416
145,2,"MonoMeadow1",37.663396,-119.592267,"H","W","YO",146,35919.30745,-39161.79337,2215.834228,701,791,93877.30469,108049.6641,2397.054687,2368.425537,-759.744506,-486.771453,1951.74775179856,702.850067537145,1740.9559154296,2266.11311401532
146,2,"MonoMills1",37.887635,-118.959868,"H","E","YO",147,91353.81946,-13810.0071,2241.196044,619,701,38199.94141,39898.10938,2688.100341,2699.957275,-1031.619995,-883.160827,2192.8703870387,1757.45569050832,2182.8326585695,1986.54795137326
147,1,"MonoPO1",37.990578,-119.141074,"H","E","YO",148,75335.66862,-2526.022269,1952.498046,738,845,39158.34375,40652.29297,2869.86499,2899.581298,-988.755249,-761.694946,1325.0360522758,605.190454750113,1115.84376407024,1264.39666816749
148,1,"MtBullion1",37.50822,-120.043898,"H","W","YO",149,-3873.948296,-56488.34299,660.984069,1485,1533,76405.75781,83499.46875,3480.84375,3428.644042,7.200879,135.308532,1322.80081117621,588.885135135135,1145.19045475011,1291.06576576577
149,2,"MtHoffman1",37.84461,-119.50018,"H","W","YO",150,43925.2015,-18978.29828,3025.731445,225,298,133588.3438,160941.2813,1885.226196,1846.341552,-1300.918212,-1109.767333,1283.20695887935,574.371338440739,1139.76136875281,1201.80693069307
150,3,"PF1",37.808943,-119.568627,"M","W","YO",151,37928.17946,-22972.78621,2480.396484,555,620,116056.0078,135826.7031,2263.177978,2217.767089,-969.369201,-771.700317,1306.5726534296,1672.3208988764,1270.91846846847,1226.6280954525
151,3,"PleasantValley1",37.65638,-120.29042,"H","W","YO",152,-25585.09218,-39979.7843,250.635009,1698,1739,48394.79297,54785.79297,3724.984619,3681.946289,247.009429,310.082,890.210621062106,559.944995491434,286.18747183416,1308.39358337099
152,6,"PleasantValley2",37.64441,-120.30118,"H","W","YO",153,-26537.28026,-41307.47766,334.679077,1702,1730,49659.67578,56169.66797,3693.816894,3650.104736,316.530456,319.29309,3298.13945119208,1656.85617977528,2848.09397482014,3497.26687668767
153,2,"PorcupineFlat1",37.80526,-119.55632,"H","W","YO",154,39012.14014,-23377.21565,2464.142089,567,631,113944.0625,133645.6094,2270.80371,2225.793457,-964.301574,-766.473693,2801.94019784173,2782.46465556056,3071.9631294964,2752.25326135852
154,5,"RC1",38.06129,-119.33899,"M","W","YO",155,57922.40219,5195.447959,3014.393798,151,265,96141.92188,95239.21875,1841.56665,1867.126586,-1258.051147,-1024.005126,254.478949751019,495.800451467269,533.745257452574,415.784975258659
155,1,"S1",37.51121,-120.38391,"M","W","YO",156,-33886.93904,-56088.24732,90.325126,1601,1690,33978.71875,38819.82031,3566.372558,3509.338623,186.526977,316.408203,235.923425464431,619.221418888387,524.250338906462,341.068887888339
156,1,"S2",37.53619,-120.48598,"M","W","YO",157,-42882.4422,-53270.05389,88.903007,1587,1685,32928.5,37749.16797,3544.325195,3496.193847,182.916198,320.347259,857.444194419442,561.527051397656,321.777426636569,1218.03692030617
157,4,"S3",37.529065,-120.35093,"M","W","YO",158,-30968.43294,-54114.69588,114.9561,1625,1709,36669.75781,41788.78125,3606.707763,3550.83789,197.265319,324.729949,1269.81292363308,936.815398469158,1234.00586113616,1197.0733903647
158,5,"S4",37.54692,-120.35495,"M","W","YO",159,-31315.76529,-52128.53853,123.809982,1621,1704,36596.73047,41756.04688,3598.893798,3545.186279,194.603561,320.470825,1269.81292363308,936.815398469158,1234.00586113616,1197.0733903647
159,1,"SalmonRanch1",37.96326,-118.9236,"H","E","YO",160,94443.58365,-5367.999071,2000.827392,714,820,33642.625,35603.02344,2886.442871,2911.365722,-1094.011596,-872.907104,2634.39838129496,1698.77573033708,2445.99955015744,2909.89752808989
160,1,"SilverLake1",37.79923,-119.1213,"H","E","YO",161,77267.1004,-23780.77197,2223.635742,553,632,55255.6875,52439.88672,2553.45288,2534.853759,-1147.204223,-966.735656,3422.42522522523,2123.35688568857,3421.82252252252,3482.80378037804
161,2,"SM1",37.673565,-119.654315,"M","W","YO",162,30449.25495,-38053.07044,2246.844238,687,741,96146.07813,110818.1719,2330.748291,2300.952148,-726.109558,-517.743774,2336.77262494372,1827.32793522267,2406.83085919928,2117.74954954955
162,2,"SN1",37.822,-119.504705,"M","W","YO",163,43540.68002,-21493.83426,2586.786132,475,545,118366.0469,139194.1094,2126.040527,2075.841308,-1049.433593,-844.005859,1574.80640794224,610.437613019892,1527.16118865376,1707.9918845807
163,8,"Snelling1",37.526869,-120.437436,"H","W","YO",164,-38603.66274,-54327.07136,76.903007,1593,1688,33117.97656,37896.43359,3546.760498,3494.455566,193.662948,328.651672,3516.14954954955,1591.31685393258,3435.23828828829,3497.0103510351
264,4,"Sweetwater1",37.588966,-119.881282,"H","W","YO",265,10469.67374,-47506.54922,1067.792114,1291,1316,95871.61719,104917.3047,3236.791503,3203.908447,-194.926803,-3.674052,3292.2465137202,1583.48741007194,3027.02607913669,3481.8298829883
265,1,"TC1",37.81096,-119.71286,"M","W","YO",266,25246.33739,-22796.61703,2142.998779,721,815,111413.1875,127917.2891,2435.171386,2398.457763,-770.468994,-512.280151,1006.98199009455,1599.06882591093,856.282363554353,1120.97209720972
266,3,"TenLakes1",37.903892,-119.525521,"H","W","YO",267,41665.27758,-12399.62651,2727.016845,339,414,120285.1719,142732.0938,2047.015625,2020.185302,-1182.17749,-994.265197,3557.37775776677,2627.40602517986,3529.23592976137,3497.26687668767
267,1,"TF1",37.75456,-119.74298,"M","W","YO",268,22615.20592,-29073.99941,2015.03247,846,921,94488.83594,108349.0078,2436.940917,2403.688476,-498.995208,-285.603271,3310.71614934773,2041.57059352518,3268.48561151079,3494.00270027003
268,2,"TL1",37.90404,-119.533565,"M","W","YO",269,40958.85623,-12386.67906,2864.884033,301,375,119223.1094,140907.0313,2012.623046,1989.346801,-1221.454956,-1037.166992,3557.37775776677,2212.20189274448,3518.1891040072,3497.26687668767
269,1,"TP1",37.90811,-119.26396,"M","W","YO",270,64629.01075,-11784.1115,3148.209228,189,281,89233.3125,74912.71094,1875.687377,1885.910034,-1266.052001,-1026.192016,3555.40702386312,2347.48356596128,3505.12877082395,3497.26687668767
270,3,"TuolumneMeadows1",37.87941,-119.39498,"H","W","YO",271,53145.35244,-15055.90057,2631.701904,303,358,80079.50781,88010.47656,2148.794921,2144.056884,-1309.754394,-1124.735229,2815.4339028777,1515.42760791367,2713.3678057554,3133.92674157303
271,1,"TuolumneMeadows2",37.8785,-119.3665,"H","W","YO",272,55647.64068,-15140.72011,2621.752441,255,317,73277.67188,78695.5625,2151.55664,2146.068359,-1400.133789,-1240.614013,3527.38423423423,2455.14362899595,3516.56325979289,3459.05763169743
272,6,"V1",37.792494,-119.348524,"M","W","YO",273,57292.32273,-24690.81273,3053.6875,198,278,98716.78906,114114.9766,1968.274291,1952.759521,-1330.852172,-1106.196411,2696.69860548808,2093.54181654676,2567.10076473234,3037.75640449438
273,7,"V2",37.79766,-119.335133,"M","W","YO",274,58465.88894,-24108.36395,3179.400634,154,243,106109.5469,120796.7656,1927.890502,1912.882812,-1354.335693,-1117.433837,2063.03462230216,2087.25629496403,1940.30031517335,2275.16403785489
274,3,"Vogelsang1",37.790895,-119.34256,"H","W","YO",275,57818.02476,-24864.94371,3246.115966,190,280,102964.3359,117821.4219,1903.452392,1887.956054,-1321.180419,-1086.425048,2536.9002247191,1371.54001798561,2458.91591726619,2585.63501350135
275,2,"WalkerLake1",37.87338,-119.171,"H","E","YO",276,72824.91184,-15577.42119,2437.754638,401,471,62556.49609,59183.09766,2315.776123,2325.455078,-1203.503295,-1020.30017,1027.90459045905,738.223322827555,650.405953991881,1292.49211356467
276,1,"WarrenFork1",37.95505,-119.2283,"H","E","YO",277,67717.59075,-6541.214569,2772.909912,268,367,68433.84375,60107.72656,1964.956542,1986.936767,-1182.499267,-953.48291,1907.67116509222,2161.09810981098,1835.26654660063,2101.21152115212
277,2,"WB1",37.90766,-119.12214,"M","E","YO",278,77081.63067,-11728.14652,2156.929931,651,751,45223.93359,46187.77734,2681.116943,2700.642822,-1028.372436,-811.719665,2953.23325842697,1799.71460674157,3001.8529676259,2925.49797752809
278,2,"WC1",37.89667,-119.13013,"M","E","YO",279,76391.29769,-12956.28585,2227.444091,662,766,44572.57031,45573.78125,2701.408203,2718.365478,-1032.164794,-827.06903,2898.48741007194,1225.36196043165,2962.26034172662,2933.05168539326
279,2,"WF1",37.954035,-119.22714,"M","W","YO",280,67820.29798,-6653.215984,2772.148681,298,387,64419.36328,56942.23828,2040.688598,2061.716796,-1162.15747,-942.54663,3072.56808988764,1287.73830935252,3103.85881294964,3118.7806741573
280,3,"WF2",37.95899,-119.26701,"M","W","YO",281,64317.48214,-6130.185553,3040.255371,171,283,89125.5,74277.96094,1834.121826,1852.644409,-1213.051879,-968.284057,3104.02426966292,1682.6202247191,3075.70818345324,3284.51621621622
281,6,"WilliamsButte1",37.90891,-119.1053,"H","E","YO",282,78558.91215,-11575.37157,2090.315673,716,834,39594.86328,41195.67188,2769.51831,2791.39331,-1035.835083,-796.212707,727.307068887888,1270.49415467626,290.012167643082,1107.6383265857
282,2,"WL1",37.873067,-119.16297,"M","W","YO",283,73530.59883,-15606.01722,2445.318847,429,501,59515.98828,56778.84375,2379.479003,2385.887695,-1189.151245,-1005.923828,453.275971093044,765.359621451104,577.97419646899,609.880995475113
283,4,"WW1",37.85844,-119.651202,"M","W","YO",284,30647.83771,-17500.2679,2444.234619,580,649,121466.1797,139132.7813,2409.559326,2369.260986,-991.246215,-795.9151,535.769647696477,1135.60494382022,560.12173128945,540.840199185152
284,4,"WW2",37.849072,-119.622823,"M","W","YO",285,33145.45418,-18532.12452,2531.191162,551,619,117957.6172,136599.6094,2347.263183,2312.727294,-1013.781372,-819.971984,3234.33633093525,2905.72232223222,3383.27882882883,3272.48198198198
285,1,"WW3",37.83879,-119.59254,"M","W","YO",286,35811.46111,-19664.12025,2382.757812,618,705,111321.8438,129211.0469,2393.820556,2359.798828,-935.276367,-700.598022,1219.54319312528,691.815599639315,865.127198917456,1661.67102298333
286,2,"YC1",37.850383,-119.576373,"M","W","YO",287,37226.55828,-18369.14753,2278.606689,638,740,110611.8984,129461.6953,2395.388916,2363.631347,-921.145812,-661.555541,2890.2131294964,1614.68120503597,2781.11640449438,3191.53105310531
287,10,"YosemiteValley1",37.749845,-119.590549,"H","W","YO",288,36029.14512,-29551.00483,1222.915405,999,1080,88619.78125,99678.85938,2921.308349,2884.434814,-533.912414,-298.38208,906.985148514852,628.208652546192,239.09553853087,1307.53953908721
288,9,"YosemiteValley2",37.737319,-119.602468,"H","W","YO",289,34986.22495,-30947.92913,1206.646972,1143,1224,86241.40625,96618.11719,3177.998046,3143.524658,-458.309448,-220.364334,1050.26642664266,848.143758449752,851.027063599459,1259.90859972985
289,1,"YosemiteValley3",37.739314,-119.572044,"H","W","YO",290,37662.69277,-30714.49762,1212.533081,1134,1212,85211.57031,95560.78906,3160.210693,3120.664062,-470.472412,-214.3945,3365.57785778578,1583.50629496403,3228.90962230216,3476.54455445545
290,3,"YosemiteValley4",37.7458,-119.6054,"H","W","YO",291,34724.26958,-30006.21121,1411.985351,1046,1123,87626.3125,98428.46094,2964.531494,2926.884521,-477.68161,-247.946746,2623.94649280576,1713.24876293297,2779.15011235955,2466.7196219622
291,1,"YoungLakes1",37.9378,-119.340629,"H","W","YO",292,57874.26106,-8533.18778,3046.679443,191,258,99802.53125,105204.2344,1967.750488,1970.963745,-1331.948486,-1144.927246,1951.74775179856,702.850067537145,1740.9559154296,2266.11311401532
292,1,"YV1",37.71515,-119.665,"M","W","YO",293,29491.78351,-33433.62493,1190.879882,1196,1266,88156.46875,98677.50781,3218.88916,3181.731445,-376.324188,-125.652023,2192.8703870387,1757.45569050832,2182.8326585695,1986.54795137326
293,1,"YV2",37.72193,-119.63632,"M","W","YO",294,32013.6325,-32670.61859,1205.38208,1166,1248,87129.09375,98026.54688,3206.558837,3168.870117,-431.482452,-172.811264,1290.83370989607,587.944144144144,1135.83603603604,1218.55515533543
294,6,"YV3",37.732423,-119.607703,"M","W","YO",295,34527.76967,-31494.11511,1206.646972,1144,1224,86207.77344,96665.03125,3189.4375,3153.274902,-460.672241,-221.398788,1333.24279279279,595.059405940594,1177.27747747748,1242.50270027003
295,4,"YV4",37.742763,-119.58765,"M","W","YO",296,36287.65366,-30337.17393,1208.70874,1150,1235,85908.77344,96147.01563,3245.48291,3205.028564,-478.674224,-237.185516,1312.7646528404,590.138738738739,1145.19045475011,1234.37308730873
296,1,"YV5",37.74053,-119.57217,"M","W","YO",297,37650.99441,-30579.37045,1208.789794,1134,1212,85211.57031,95560.78906,3160.210693,3120.664062,-470.472412,-214.3945,1174.96836873023,765.851284362325,728.412189616253,1233.28905898244
297,1,"YV6",37.73267,-119.55807,"M","W","YO",298,38895.88567,-31447.4387,1226.691894,1115,1195,86798.86719,97426.11719,3147.343017,3107.548095,-486.125793,-273.356201,1226.22161917684,1219.29271582734,1128.83791085097,1234.21611886538
298,2,"YV7",37.753365,-119.54557,"M","W","YO",299,39984.9893,-29141.67132,1255.54895,1099,1158,89308.9375,100565.2422,3051.22998,3010.626464,-465.929168,-298.371002,916.480198019802,564.81551646369,267.488508337089,1289.34176072235
299,1,"YV8",37.75236,-119.58723,"M","W","YO",300,36319.96828,-29270.15697,1321.365966,1040,1108,87660.10938,98230.60156,3040.938476,2996.66455,-517.030273,-291.200134,3298.13945119208,1656.85617977528,2848.09397482014,3497.26687668767
